번호,사업장명,소재지전체주소,도로명전체주소,개업일자,영업상태명,폐업일자,휴업시작일자,휴업종료일자,재개업일자,소재지면적,소재지우편번호,입소정원,자격소유인원수,총인원수,위치정보(X),위치정보(Y),상세영업상태명
1,덕수노인교실,서울특별시 성북구 성북동 ,,19990720,운영중,,,,,,,0,,,198888.209912       ,454622.457969       ,운영
2,늘푸른노인교실,서울특별시 성북구 동소문동1가 ,,20000129,운영중,,,,,,,0,,,,,운영
3,(사)대한노인회성북구지회부설 노인교실,서울특별시 성북구 안암동5가 104-37번지 ,,19990511,운영중,,,,,,,80,,,202562.110747       ,453442.754288       ,운영
4,개동경로대학,서울특별시 성북구 정릉동 771-3번지 ,,20060830,운영중,,,,,,,80,0,1,200379.846909       ,457052.320093       ,운영
5,개동경로대학,서울특별시 성북구 정릉동 771-3번지 ,,20060830,운영중,,,,,,,80,0,1,200379.846909       ,457052.320093       ,운영
6,정릉4동 시니어아카데미,서울특별시 성북구 정릉동 401-20번지 ,,20020107,운영중,,,,,,,102,0,1,200852.980366       ,456382.577717       ,운영
7,돈암시니어노인교실,서울특별시 성북구 동선동2가 1-2번지 ,,20031020,운영중,,,,,,,60,0,0,201475.274513       ,454218.111309       ,운영
8,종암노인교실,서울특별시 성북구 종암동 79-204번지 ,,20031021,운영중,,,,,,,110,5,24,202774.971534       ,455320.571132       ,운영
9,백영관대학,서울특별시 강서구 방화동 두란노교회 ,,20170310,운영중,,,,,,,100,,7,,,운영
10,로뎀어르신행복학교,서울특별시 강서구 방화동 로뎀교회 나동 ,,20170329,운영중,,,,,,,90,,11,,,운영
11,양천실버교실,서울특별시 양천구 신월동 ,,20170525,운영중,,,,,,,80,8,,,,운영
12,동천 노인교실,서울특별시 영등포구 신길동 ,,19961025,운영중,,,,,,,,,,,,운영
13,제일소망대학,서울특별시 송파구 마천동 ,,20150825,운영중,,,,,,,0,,,,,운영
14,다사랑노인교실,서울특별시 영등포구 대림동 ,,20160118,운영중,,,,,,,0,,,,,운영
15,영암교회 노인교실,서울특별시 영등포구 신길동 ,,20100119,운영중,,,,,,,,,,,,운영
16,영중 경로대학,서울특별시 영등포구 영등포동8가 ,,20060629,운영중,,,,,,,,,,,,운영
17,영등포50플러스센터,서울특별시 영등포구 여의도동 56-1번지 ,,20160122,운영중,,,,,,,0,13,,,,운영
18,노인체력단련교실,서울특별시 영등포구 신길동 ,,20010601,운영중,,,,,,,0,,,,,운영
19,양평2동 노인교실,서울특별시 영등포구 양평동4가 ,,19960105,운영중,,,,,,,,,,,,운영
20,노원50플러스센터,서울특별시 노원구 상계동 ,,20161103,운영중,,,,,,,110,,,,,운영
21,천주교 광장동성당 효경대학,서울특별시 광진구 광장동 ,,20140807,운영중,,,,,,,50,,2,,,운영
22,구의교실,서울특별시 광진구 구의동 ,,20061116,운영중,,,,,,,100,,2,,,운영
23,광장노인교실,서울특별시 광진구 광장동 ,,19980406,운영중,,,,,,,100,,,,,운영
24,권드인베드로대학,서울특별시 광진구 자양동 ,,20060306,운영중,,,,,,,50,,2,,,운영
25,평화노인교실,서울특별시 구로구 고척동 164-13번지 ,,20100304,운영중,,,,,,,50,,,186947.915886       ,444555.363325       ,운영
26,백삼노인교실,서울특별시 구로구 개봉동 258-3번지 ,,20080612,운영중,,,,,,,90,0,6,,,운영
27,구로3동 성당 노인대학,서울특별시 구로구 구로동 165-1번지 ,,20011130,운영중,,,,,,,150,1,4,190653.92601        ,442901.992794       ,운영
28,오류동장로교회노인교실,서울특별시 구로구 오류동 18-2번지 ,,20040324,운영중,,,,,,,127,0,16,185895.750637       ,443944.651232       ,운영
29,늘푸른노인교실,서울특별시 구로구 구로동 503-10번지 ,,20041022,운영중,,,,,,,0,0,23,189706.981274       ,444084.191455       ,운영
30,오류남부교회 소망경로대학,서울특별시 구로구 오류동 187-2번지 ,,20050202,운영중,,,,,,,110,0,5,,,운영
31,광진실버대학,서울특별시 구로구 개봉동 294-7번지 ,,20050903,운영중,,,,,,,70,0,70,186767.000569       ,442726.208876       ,운영
32,구로3동성당노인대학,서울특별시 구로구 구로동 165-1번지 ,,20011130,운영중,,,,,,,150,1,4,190653.92601        ,442901.992794       ,운영
33,천주교고척동교회부설고척노인교실,서울특별시 구로구 고척동 156-2번지 ,,20020208,운영중,,,,,,,0,0,53,187402.308898       ,444750.692529       ,운영
34,대한노인회구로지회부설노인교실,서울특별시 구로구 구로동 105번지 ,,19950913,운영중,,,,,,,62,0,0,190142.31628        ,444136.717748       ,운영
35,가리봉노인교실,서울특별시 구로구 가리봉동 132-86번지 ,,19950720,운영중,,,,,,,50,0,6,190205.523832       ,442225.245336       ,운영
36,시립 구로노인종합복지관 노인교실,서울특별시 구로구 구로동 102번지 ,,19970417,운영중,,,,,,,0,0,0,190163.724553       ,443865.923657       ,운영
37,대한노인회구로구지회부설노인교실,서울특별시 구로구 구로동 102번지 ,,19970115,운영중,,,,,,,0,0,0,190163.724553       ,443865.923657       ,운영
38,고척노인교실,서울특별시 구로구 고척동 172-6번지 ,,19981228,운영중,,,,,,,120,0,0,187620.633853       ,444710.622282       ,운영
39,개봉노인교실,서울특별시 구로구 개봉동 141-52번지 ,,19950720,운영중,,,,,,,56,0,0,186943.267645       ,444078.257514       ,운영
40,신성노인교실,서울특별시 구로구 구로동 43번지 ,,20001028,운영중,,,,,,,80,0,0,190310.52           ,444572.38           ,운영
41,사랑의집 노인교실,서울특별시 마포구 창전동 ,,20131210,운영중,,,,,,,65,,,,,운영
42,서울노인교실,서울특별시 마포구 염리동 23-78번지 ,,20120503,운영중,,,,,,,70,,,195345.11142        ,450123.689093       ,운영
43,서현노인교실,서울특별시 마포구 서교동 379-7번지 ,,20090224,운영중,,,,,,,200,2,24,192505.885384       ,450085.380726       ,운영
44,잔다리은빛 노인교실,서울특별시 마포구 서교동 370-13번지 ,,20080318,운영중,,,,,,,100,1,20,192848.374568       ,450029.189004       ,운영
45,서교동성당 노인성지대학,서울특별시 마포구 서교동 340-23번지 ,,20080321,운영중,,,,,,,80,1,5,193413.605967       ,450185.622948       ,운영
46,성가정 노인교실,서울특별시 마포구 염리동 128-82번지 ,,20060714,운영중,,,,,,,60,5,9,195485.248712       ,449488.168347       ,운영
47,마포 노인교실,서울특별시 마포구 염리동 168-10번지 ,,20060727,운영중,,,,,,,100,5,14,195389.009839       ,449050.573231       ,운영
48,서서울 노인교실,서울특별시 마포구 망원동 384-1번지 ,,20060922,운영중,,,,,,,120,2,10,191777.224196       ,450181.687914       ,운영
49,동막 노인교실,서울특별시 마포구 대흥동 660번지 ,,20061012,운영중,,,,,,,55,2,3,194855.132261       ,449165.068262       ,운영
50,베드로노인교실,서울특별시 마포구 공덕동 105-233번지 ,,20070213,운영중,,,,,,,60,5,5,196079.847525       ,449600.241767       ,운영
51,염리노인대학,서울특별시 마포구 염리동 518번지 ,,20070927,운영중,,,,,,,150,3,7,195275.409381       ,449742.71979        ,운영
52,성산동성당백삼위성인대학,서울특별시 마포구 성산동 572-200번지 ,,20050926,운영중,,,,,,,70,0,2,,,운영
53,나사렛 노인교실,서울특별시 마포구 상암동 64-3번지 ,,20060404,운영중,,,,,,,70,1,23,,,운영
54,성결 노인교실,서울특별시 마포구 신수동 200-1번지 ,,20060427,운영중,,,,,,,50,5,8,194394.182389       ,449336.021869       ,운영
55,성산종합사회복지관 부설 노인교실,서울특별시 마포구 성산동 595번지 ,,20041216,운영중,,,,,,,50,5,7,191197.357926       ,451340.139244       ,운영
56,대한노인회 마포지회부설 노인교실,서울특별시 마포구 용강동 115번지 ,,20030923,운영중,,,,,,,0,0,0,,,운영
57,아브라함 노인교실,서울특별시 마포구 성산동 200-7번지 ,,20050304,운영중,,,,,,,80,0,2,192008.929124       ,451669.383536       ,운영
58,행복노인교실,서울특별시 금천구 시흥동 804-37번지 ,,20110907,운영중,,,,,,,100,,,191602.559282       ,439691.161076       ,운영
59,시흥노인교실,서울특별시 금천구 시흥동 1015번지 101 101동 1407호,,19990805,운영중,,,,,,,80,0,0,190879.916578       ,439511.654205       ,운영
60,제일노인교실,서울특별시 금천구 시흥동 264-21번지 ,,19990417,운영중,,,,,,,200,0,0,192288.9313         ,438689.317722       ,운영
61,성가정시니어아카데미,서울특별시 금천구 독산동 335-5번지 ,,20070823,운영중,,,,,,,100,0,5,190196.898495       ,441033.0973         ,운영
62,신일노인교실,서울특별시 금천구 독산동 1060-18번지 ,,20050321,운영중,,,,,,,100,0,2,191019.905855       ,439961.377727       ,운영
63,세광노인교실,서울특별시 금천구 시흥동 813-20번지 ,,20050507,운영중,,,,,,,100,0,2,191574.720279       ,439580.769416       ,운영
64,반석노인교실,서울특별시 금천구 독산동 191-1번지 ,,20040707,운영중,,,,,,,0,0,1,191396.288173       ,440797.309215       ,운영
65,대림2동 노인교실,서울특별시 영등포구 대림동 ,,19800301,운영중,,,,,,,0,,,,,운영
66,삼광교회 노인교실,서울특별시 영등포구 양평동6가 ,,20090923,운영중,,,,,,,0,,,,,운영
67,당산시니어아카데미,서울특별시 영등포구 당산동3가 ,,20020304,운영중,,,,,,,0,,,,,운영
68,발산동성당 볏고을 시니어아카데미,서울특별시 강서구 화곡동 ,,20160329,운영중,,,,,,,100,,7,,,운영
69,호산나 실버대학,서울특별시 노원구 하계동 ,,20170228,운영중,,,,,,,,,,,,운영
70,염산노인교실,서울특별시 마포구 염리동 염산교회 ,,20180130,운영중,,,,,,,,,,,,운영
71,강남노아대학 노인교실,서울특별시 강남구 세곡동 강남제일교회 ,,20171107,운영중,,,,,,,50,,,,,운영
72,신원예닮노인교실,서울특별시 관악구 신림동 ,,20180312,운영중,,,,,,,80,,,,,운영
73,망우동성당 늘푸른대학 노인교실,서울특별시 중랑구 망우동 ,,20180320,운영중,,,,,,,,,,,,운영
74,양원성당 요셉대학 노인교실,서울특별시 중랑구 망우동 ,,20180320,운영중,,,,,,,,,,,,운영
75,장수대학,서울특별시 서초구 잠원동 65-7번지 ,,20101026,운영중,,,,,,,0,,,200572.466658       ,445693.730673       ,운영
76,사랑마을 목교학교,서울특별시 서초구 서초동 1494-3번지 ,,20101224,운영중,,,,,,,0,,,200159.414574       ,442535.837895       ,운영
77,반포4동실버대학,서울특별시 서초구 반포동 ,,20120314,운영중,,,,,,,0,,,,,운영
78,산성실버대학,서울특별시 서초구 반포동 20-15번지 ,,20100115,운영중,,,,,,,0,,,200902.163396       ,444783.564799       ,운영
79,수표표교회서초노인대학,서울특별시 서초구 서초동 ,,19990826,운영중,,,,,,,0,,,,,운영
80,반포푸른대학,서울특별시 서초구 반포동 1189번지 ,,19920316,운영중,,,,,,,0,,,198959.592108       ,444419.355874       ,운영
81,비오시니어아카데미,서울특별시 서초구 서초동 1535-8번지 ,,20100520,운영중,,,,,,,0,,,200835.951347       ,442558.226276       ,운영
82,석문시니어아카데미,서울특별시 서초구 서초동 1634-1번지 ,,20010628,운영중,,,,,,,0,,,201857.055273       ,443389.644062       ,운영
83,서초노인대학,서울특별시 서초구 서초동 1666-17번지 ,,19900611,운영중,,,,,,,0,,,201415.598807       ,443352.51203        ,운영
84,시온경로대학,서울특별시 서초구 방배동 ,,20030522,운영중,,,,,,,0,,,,,운영
85,효성교회노인교실,서울특별시 서초구 방배동 889-5번지 ,,19981019,운영중,,,,,,,0,,,199771.669286       ,442686.3116         ,운영
86,반포시니어아카데미,서울특별시 서초구 반포동 4-1번지 ,,20090622,운영중,,,,,,,0,0,8,199443.380068       ,444742.212819       ,운영
87,포이 시니어아카데미,서울특별시 서초구 양재동 396-2번지 ,,20090827,운영중,,,,,,,0,0,7,204192.004994       ,441103.764787       ,운영
88,은빛시니어아카데미,서울특별시 서초구 방배동 807-7번지 ,,20091102,운영중,,,,,,,0,0,0,199352.512149       ,443480.996617       ,운영
89,까리따스노인교실,서울특별시 서초구 방배동 3274번지 ,,19990826,운영중,,,,,,,0,0,0,198533.665295       ,441398.027904       ,운영
90,천주교방배동교회 요셉노인대학,서울특별시 서초구 방배동 256-1번지 ,,20070330,운영중,,,,,,,150,0,2,199768.389616       ,441624.610119       ,운영
91,신답교회은빛노인교실,서울특별시 동대문구 답십리동 58-26번지 ,,20090928,운영중,,,,,,,0,1,5,205124.433988       ,452164.996896       ,운영
92,태평경로대학,서울특별시 동대문구 장안동 446-8번지 ,,20091119,운영중,,,,,,,62,3,15,205956.986517       ,451322.251509       ,운영
93,이문동교회샬롬노인교실,서울특별시 동대문구 이문동 260-4번지 ,,20090604,운영중,,,,,,,114,2,22,205469.564729       ,455259.7739         ,운영
94,동안노인교실,서울특별시 동대문구 이문동 346-99번지 ,,20080520,운영중,,,,,,,200,1,25,204938.243253       ,454509.335315       ,운영
95,솔로몬노인대학,서울특별시 동대문구 제기동 182-16번지 ,,20080526,운영중,,,,,,,70,0,2,202890.801213       ,453419.353195       ,운영
96,장안동노인교실,서울특별시 동대문구 장안동 123-11번지 ,,20061227,운영중,,,,,,,90,0,1,206058.996244       ,452551.460915       ,운영
97,성모노인교실,서울특별시 동대문구 전농동 294-3번지 ,,20061227,운영중,,,,,,,100,0,6,,,운영
98,수산노인교실,서울특별시 동대문구 전농동 143-1번지 ,,19910107,운영중,,,,,,,100,0,1,204753.599133       ,453380.490282       ,운영
99,희망샘노인교실,서울특별시 동대문구 답십리동 257번지 ,,20060322,운영중,,,,,,,100,2,2,,,운영
100,전농노인교실,서울특별시 동대문구 전농동 440-9번지 ,,20041220,운영중,,,,,,,100,0,3,,,운영
101,전농노인교회,서울특별시 동대문구 전농동 440-9번지 ,,20041220,운영중,,,,,,,100,0,3,,,운영
102,동대문노인교실,서울특별시 동대문구 전농동 59-32번지 ,,19971229,운영중,,,,,,,40,0,1,205120.327987       ,453054.869049       ,운영
103,장수노인교실,서울특별시 동대문구 답십리동 487-50번지 ,,19990521,운영중,,,,,,,35,0,1,204919.624854       ,451698.050927       ,운영
104,동천교회,서울특별시 동대문구 장안동 335-9번지 ,,19990903,운영중,,,,,,,100,0,1,206406.924953       ,452161.155092       ,운영
105,반석노인교실,서울특별시 동대문구 답십리동 58-53번지 ,,19951106,운영중,,,,,,,30,0,1,205213.346763       ,452209.219858       ,운영
106,근화노인교실,서울특별시 중구 신당동 406-4번지 ,,20081231,운영중,,,,,,,91,0,0,200728.71026        ,450767.809484       ,운영
107,(사)대한노인회중구지회부설노인교실,서울특별시 중구 신당동 393-9번지 ,,19981117,운영중,,,,,,,100,0,0,200830.966251       ,451148.326572       ,운영
108,한일교회노인교실,서울특별시 중구 신당동 67-87번지 ,,19980925,운영중,,,,,,,107,0,0,201718.946864       ,451158.087585       ,운영
109,향우노인교실,서울특별시 중구 을지로4가 72-1번지 401호,,20040302,운영중,,,,,,,56,3,2,199713.340728       ,451634.626459       ,운영
110,한국마사회 영등포문화공감센터 노인교실,서울특별시 영등포구 영등포동3가 ,,20000501,운영중,,,,,,,0,,,,,운영
111,성민사랑노인교실,서울특별시 영등포구 대림동 ,,20120409,운영중,,,,,,,50,,,,,운영
112,영등포성당시니어아카데미,서울특별시 영등포구 영등포동2가 ,,20120621,운영중,,,,,,,0,,,,,운영
113,새생활장수노인교실,서울특별시 영등포구 신길동 ,,19760501,운영중,,,,,,,0,,,,,운영
114,대길장수대학,서울특별시 영등포구 신길동 ,,20061128,운영중,,,,,,,0,,,,,운영
115,문래시니어노인교실,서울특별시 영등포구 문래동3가 ,,20100119,운영중,,,,,,,0,,,,,운영
116,성요셉시니어아카데미,서울특별시 영등포구 신길동 ,,20140212,운영중,,,,,,,80,,,,,운영
117,(사)대한노인회 영등포구지회부설 노인교실,서울특별시 영등포구 영등포동3가 ,,19970210,운영중,,,,,,,0,,,,,운영
118,구립모랫말노인교실,서울특별시 영등포구 도림동 ,,20030226,운영중,,,,,,,0,,,,,운영
119,성락시니어아카데미,서울특별시 영등포구 신길동 ,,20050301,운영중,,,,,,,0,,,,,운영
120,은평 노인교실,서울특별시 강동구 길동 ,,20020408,운영중,,,,,,,70,,,,,운영
121,암사노인교실,서울특별시 강동구 암사동 ,,20020919,운영중,,,,,,,200,,,,,운영
122,천호동 성결교회 노인대학,서울특별시 강동구 길동 415-1번지 ,,20110603,운영중,,,,,,,150,6,17,212002.652442       ,448365.87831        ,운영
123,노리터 노인교실,서울특별시 강동구 천호동 562-8번지 지층 ,,20110901,운영중,,,,,,,100,,1,211490.326056       ,448516.050303       ,운영
124,구립 장수춤신바람 노인교실,서울특별시 강동구 천호동 302-4번지 ,,20090414,운영중,,,,,,,53,,,211576.618532       ,449338.571561       ,운영
125,혜림노아스쿨,서울특별시 강동구 성내동 403번지 ,,20080317,운영중,,,,,,,100,0,4,211965.822158       ,447648.486591       ,운영
126,소리마을 노인교실,서울특별시 강동구 천호동 294-26번지 ,,20050323,운영중,,,,,,,70,3,5,211701.44328        ,449258.439117       ,운영
127,동암경로학교,서울특별시 강동구 암사동 452-28번지 ,,20050930,운영중,,,,,,,200,3,26,212072.746538       ,450231.90564        ,운영
128,목양청노대학,서울특별시 강동구 성내동 120-65번지 ,,20060421,운영중,,,,,,,300,0,30,210836.557776       ,447719.361105       ,운영
129,천주교고덕동교회노인교실,서울특별시 강동구 고덕동 177번지 ,,20040204,운영중,,,,,,,90,0,13,214897.601169       ,450903.257819       ,운영
130,천호동성당노인교실,서울특별시 강동구 천호동 397-413번지 ,,20040331,운영중,,,,,,,0,1,16,211542.716866       ,448803.020607       ,운영
131,참사랑노인대학,서울특별시 강동구 성내동 412번지 ,,20000724,운영중,,,,,,,90,0,1,211818.493897       ,447507.401627       ,운영
132,길동교회노인교실,서울특별시 강동구 길동 55-15번지 ,,20000627,운영중,,,,,,,100,0,1,213057.526889       ,449189.019848       ,운영
133,성내노인교실,서울특별시 강동구 성내동 508-1번지 ,,19970923,운영중,,,,,,,100,0,1,211364.853697       ,447783.765856       ,운영
134,고덕시니어아카데미,서울특별시 강동구 고덕동 ,,20140328,운영중,,,,,,,200,,,,,운영
135,천호학구단위노인교실,서울특별시 강동구 천호동 230-9번지 ,,19910226,운영중,,,,,,,76,0,1,212008.767957       ,449448.623724       ,운영
136,강동복지관노인교실,서울특별시 강동구 천호동 ,,19920123,운영중,,,,,,,100,0,1,,,운영
137,(사)대한노인회 강동구지회부설 노인교실,서울특별시 강동구 명일동 351-2번지 ,,19901206,운영중,,,,,,,80,0,1,212718.028337       ,449233.71208        ,운영
138,시니어문화교실,서울특별시 동작구 상도동 170-26번지 ,,20110221,운영중,,,,,,,50,,,194737.14881        ,444730.733124       ,
139,구구팔팔시니어아카데미,서울특별시 동작구 노량진동 ,,20111125,운영중,,,,,,,80,,3,,,
140,동작50+센터,서울특별시 동작구 노량진동 ,,20151130,운영중,,,,,,,0,,,,,
141,흑석시니어아카데미,서울특별시 동작구 흑석동 186번지 ,,20100927,운영중,,,,,,,0,,,196421.522535       ,445191.042223       ,
142,은빛 노인교실,서울특별시 동작구 상도동 134-162번지 ,,20101007,운영중,,,,,,,120,,,195850.232299       ,443567.95968        ,
143,삼광노인교실,서울특별시 동작구 사당동 1002-18번지 ,,20080219,운영중,,,,,,,50,0,32,197982.987439       ,442319.637297       ,
144,벧엘평생 노인교실,서울특별시 동작구 흑석동 9-7번지 ,,20090326,운영중,,,,,,,80,0,1,196891.547451       ,445066.514873       ,
145,명수대 노인교실,서울특별시 동작구 흑석동 186-28번지 ,,20091014,운영중,,,,,,,65,4,20,196340.357948       ,445110.839298       ,
146,강남노인교실,서울특별시 동작구 노량진동 222-73번지 ,,20080219,운영중,,,,,,,50,0,14,195075.916121       ,445349.537329       ,
147,막달레나노인교실,서울특별시 동작구 신대방동 366-40번지 ,,20080229,운영중,,,,,,,50,0,9,193426.066987       ,443721.072432       ,
148,성가정노인교실,서울특별시 동작구 상도동 34-1번지 ,,20080806,운영중,,,,,,,87,3,8,195278.203701       ,444656.15336        ,
149,로사리오노인교실,서울특별시 동작구 사당동 235-57번지 ,,20080808,운영중,,,,,,,80,7,5,197073.277745       ,442283.418313       ,
150,영은 노인교실,서울특별시 영등포구 양평동3가 ,,19940407,운영중,,,,,,,,,,,,운영
151,남서울노인교실,서울특별시 영등포구 신길동 ,,20030306,운영중,,,,,,,,,,,,운영
152,성 바오로 시니어아카데미,서울특별시 영등포구 대림동 ,,19990920,운영중,,,,,,,,,,,,운영
153,신현실버대학,서울특별시 서대문구 대현동 신현교회 ,,20180222,운영중,,,,,,,,,7,,,운영
154,청춘아카데미,서울특별시 관악구 신림동 ,,20180205,운영중,,,,,,,50,2,,,,운영
155,하늘산성 노인대학,서울특별시 송파구 마천동 ,,20171218,운영중,,,,,,,,,,,,운영
156,양천교회어르신문화교실,서울특별시 강서구 가양동 ,,20180324,운영중,,,,,,,,,1,,,운영
157,아름다운은빛 실버대학,서울특별시 강서구 방화동 204호,,20180425,운영중,,,,,,,50,,2,,,운영
158,서림동 현대아파트 실버교실,서울특별시 관악구 신림동 신림현대아파트 경로당 ,,20180222,운영중,,,,,,,150,1,,,,운영
159,시흥중앙교회 시니어아카데미,서울특별시 금천구 시흥동 시흥중앙교회 ,,20180116,운영중,,,,,,,60,,,,,운영
160,행복실버대학,서울특별시 종로구 창신동 138-32번지 ,,20130419,운영중,,,,,,,0,,,201002.660662       ,452378.688463       ,운영
161,연동실버아카데미,서울특별시 종로구 연지동 ,,20130605,운영중,,,,,,,140,,,,,운영
162,늘푸른대학,서울특별시 종로구 종로6가 ,,20130923,운영중,,,,,,,200,,,,,운영
163,서대문교회실버대학,서울특별시 종로구 송월동 ,,20131018,운영중,,,,,,,100,,,,,운영
164,한강경로아카데미,서울특별시 용산구 한강로3가 63-379번지 3층 ,,20110517,운영중,,,,,,,150,,,197225.366674       ,446902.31325        ,운영
165,해돋는마을 노인교실,서울특별시 용산구 동자동 43-42번지 ,,20110517,운영중,,,,,,,,,3,197464.229979       ,449985.369951       ,운영
166,해돋는마을 노인교실,서울특별시 용산구 동자동 43-42번지 ,,20110517,운영중,,,,,,,,,3,197464.229979       ,449985.369951       ,운영
167,해돋는마을 노인교실,서울특별시 용산구 동자동 43-42번지 ,,20110517,운영중,,,,,,,50,,3,197464.229979       ,449985.369951       ,운영
168,해돋는마을 노인교실,서울특별시 용산구 동자동 43-42번지 ,,20110517,운영중,,,,,,,50,,3,197464.229979       ,449985.369951       ,운영
169,해돋는마을 노인교실,서울특별시 용산구 동자동 43-42번지 ,,20110517,운영중,,,,,,,50,,3,197464.229979       ,449985.369951       ,운영
170,이태원교회 실버아카데미,서울특별시 용산구 이태원동 ,,20120213,운영중,,,,,,,120,,,,,운영
171,대한노인회 용산노인대학,서울특별시 용산구 효창동 ,,20120910,운영중,,,,,,,50,,5,,,운영
172,비전어르신교실,서울특별시 용산구 원효로2가 ,,20130806,운영중,,,,,,,0,1,,,,운영
173,한남동성당 안나 노인교실,서울특별시 용산구 한남동 657-41번지 천주교 한남동 성당 ,,20100416,운영중,,,,,,,61,,6,200147.659027       ,447943.262697       ,운영
174,해돋는마을 노인교실,서울특별시 용산구 동자동 43-42번지 ,,20100527,운영중,,,,,,,50,2,,197464.229979       ,449985.369951       ,운영
175,한강교회 행복대학,서울특별시 용산구 이촌동 301-54번지 한강교회 ,,20101101,운영중,,,,,,,55,,10,198268.840427       ,446369.318704       ,운영
176,해돋는마을 노인교실,서울특별시 용산구 동자동 43-42번지 ,,20110114,운영중,,,,,,,50,3,1,197464.229979       ,449985.369951       ,운영
177,새남터성당 시니어아카데미,서울특별시 용산구 이촌동 199-1번지 ,,20090521,운영중,,,,,,,150,0,4,196121.598619       ,446967.345468       ,운영
178,염천교회 늘푸른대학,서울특별시 용산구 갈월동 11-32번지 ,,20060309,운영중,,,,,,,100,2,20,197500.647679       ,449425.488192       ,운영
179,삼각교회 상록대학,서울특별시 용산구 한강로1가 ,,20080509,운영중,,,,,,,100,,7,,,운영
180,선인은빛대학,서울특별시 용산구 원효로4가 ,,20130812,운영중,,,,,,,0,,,,,운영
181,용산성당 성모성심 아카데미,서울특별시 용산구 산천동 2-11번지 ,,20040302,운영중,,,,,,,150,12,12,195776.065822       ,448309.440996       ,운영
182,원동교회노인대학,서울특별시 용산구 원효로2가 55-3번지 ,,20040813,운영중,,,,,,,70,0,5,,,운영
183,원동교회 늘품나루학교,서울특별시 용산구 원효로2가 55-3번지 ,,20040813,운영중,,,,20160101,,,0,0,5,,,운영
184,해방경로대학,서울특별시 용산구 용산동2가 31번지 ,,20040813,운영중,,,,,,,200,0,22,198622.425712       ,449124.726042       ,운영
185,해방교회 경로대학,서울특별시 용산구 용산동2가 31번지 ,,20040813,운영중,,,,,,,0,0,22,198622.425712       ,449124.726042       ,운영
186,해방촌성당 성가정 노인교실,서울특별시 용산구 용산동2가 ,,20040920,운영중,,,,,,,80,0,17,,,운영
187,동성교회 경로대학,서울특별시 용산구 동자동 22-70번지 ,,20040920,운영중,,,,,,,0,0,17,197623.728231       ,449666.123983       ,운영
188,영주노인대학,서울특별시 용산구 후암동 415-5번지 ,,20050307,운영중,,,,,,,150,2,15,198330.958347       ,449414.740564       ,운영
189,영주교회 노인교실,서울특별시 용산구 후암동 415-5번지 ,,20050307,운영중,,,,,,,150,2,15,198330.958347       ,449414.740564       ,운영
190,이촌동교회노인교실,서울특별시 용산구 이촌동 199-2번지 ,,20010320,운영중,,,,,,,90,0,20,196102.01523        ,447001.802791       ,운영
191,도원동교회 노인교실,서울특별시 용산구 도원동 4-3번지 ,,20020930,운영중,,,,,,,100,7,8,196204.456236       ,448511.07582        ,운영
192,청암교회 노인교실,서울특별시 용산구 청파동1가 97-32번지 ,,20030203,운영중,,,,,,,100,0,100,196985.147584       ,449455.37565        ,운영
193,신용산교회 소망노인교실,서울특별시 용산구 한강로3가 ,,20030212,운영중,,,,,,,150,0,150,,,운영
194,(사)대한노인회용산지회노인교실,서울특별시 용산구 효창동 255번지 ,,20030403,운영중,,,,,,,0,0,65,196415.008878       ,449214.41396        ,운영
195,대한노인회서울특별시연합회부설노인교실,서울특별시 용산구 효창동 255번지 ,,20030428,운영중,,,,,,,150,0,150,196415.008878       ,449214.41396        ,운영
196,후암동성당 시니어아카데미,서울특별시 용산구 후암동 38-3번지 ,,20040302,운영중,,,,,,,100,10,10,198007.686106       ,449964.08866        ,운영
197,청파동성당 시니어아카데미,서울특별시 용산구 청파동3가 132-9번지 ,,20040302,운영중,,,,,,,100,15,15,196800.203697       ,449041.187643       ,운영
198,한강성당 대건 노인대학,서울특별시 용산구 이촌동 ,,20040302,운영중,,,,,,,100,16,16,,,운영
199,세광교회 노인교실,서울특별시 용산구 이태원동 252-15번지 ,,20000627,운영중,,,,,,,120,0,1,199094.706693       ,448648.267836       ,운영
200,대한노인회용산구지회,서울특별시 용산구 이촌동 301-147번지 ,,19910514,운영중,,,,,,,70,0,1,197693.396841       ,446447.502026       ,운영
201,이태원성당 상아탑 노인교실,서울특별시 용산구 이태원동 96-3번지 ,,19910514,운영중,,,,,,,87,0,1,199547.435181       ,447789.177727       ,운영
202,충신평생대학,서울특별시 용산구 이촌동 ,,20131031,운영중,,,,,,,0,,,,,운영
203,구산교회 실버대학,서울특별시 은평구 구산동 16-26번지 ,,20120926,운영중,,,,,,,0,,,192152.49601        ,456322.28748        ,운영
204,역촌 시니어 아카데미,서울특별시 은평구 역촌동 ,,20130403,운영중,,,,,,,0,,11,,,운영
205,한성늘푸른대학,서울특별시 은평구 응암동 ,,20130403,운영중,,,,,,,0,,15,,,운영
206,서울인생이모작지원센터,서울특별시 은평구 녹번동 서울인생이모작지원센터 ,,20130413,운영중,,,,,,,0,,,,,운영
207,서문교회 장수대학,서울특별시 은평구 응암동 서문교회 ,,20120621,운영중,,,,,,,0,,,,,운영
208,오병이어,서울특별시 은평구 대조동 67-12번지 ,,20110318,운영중,,,,,,,0,1,1,193171.5657         ,456314.967928       ,운영
209,은평감리교회 평생교육원,서울특별시 은평구 녹번동 153-16번지 ,,20090805,운영중,,,,,,,80,1,24,193150.072536       ,455805.494196       ,운영
210,서광 어르신대학,서울특별시 은평구 갈현동 1-25번지 ,,20090930,운영중,,,,,,,101,5,11,192805.042917       ,458382.739086       ,운영
211,늘푸른교실,서울특별시 은평구 갈현동 444-7번지 ,,20060418,운영중,,,,,,,50,3,22,192474.86504        ,457717.879406       ,운영
212,은평교회노인교실,서울특별시 은평구 역촌동 85-38번지 ,,20060627,운영중,,,,,,,55,1,12,192437.741858       ,455272.040818       ,운영
213,로뎀노인교실,서울특별시 은평구 불광동 484-221번지 ,,20050905,운영중,,,,,,,50,1,8,192942.065647       ,457650.324842       ,운영
214,연신내성당 노인교실,서울특별시 은평구 불광동 67-2번지 ,,20050118,운영중,,,,,,,51,0,0,193641.625716       ,458320.316236       ,운영
215,응암 시니어 아카데미,서울특별시 은평구 응암동 ,,20060125,운영중,,,,,,,100,1,75,,,운영
216,천주교불광동성당노인교실,서울특별시 은평구 불광동 286-53번지 ,,20040220,운영중,,,,,,,88,1,11,193432.356511       ,456983.325942       ,운영
217,향후노인교실,서울특별시 은평구 역촌동 15-10번지 ,,20041102,운영중,,,,,,,80,0,1,193015.36052        ,456107.856531       ,운영
218,응암교회노인교실,서울특별시 은평구 응암동 68-1번지 ,,20041130,운영중,,,,,,,200,0,15,193756.456247       ,455285.068079       ,운영
219,역촌동 노인교실,서울특별시 은평구 역촌동 56-11번지 ,,20041220,운영중,,,,,,,66,0,0,,,운영
220,연신내성당노인교실,서울특별시 은평구 불광동 67-2번지 ,,20050118,운영중,,,,,,,51,1,9,193641.625716       ,458320.316236       ,운영
221,녹번동성령강림노인교실,서울특별시 은평구 녹번동 79-8번지 ,,20050207,운영중,,,,,,,50,2,10,193810.718141       ,455489.141606       ,운영
222,수색시니어 아카데미,서울특별시 은평구 증산동 221-1번지 ,,20050512,운영중,,,,,,,120,1,18,191263.375794       ,453001.39239        ,운영
223,갈현성당노인교실,서울특별시 은평구 갈현동 428-3번지 ,,20050607,운영중,,,,,,,50,1,12,192602.287695       ,457640.09458        ,운영
224,은평제일노인교실,서울특별시 은평구 불광동 191-8번지 ,,20010331,운영중,,,,,,,300,0,18,193864.27939        ,457717.689836       ,운영
225,안디옥노인교실,서울특별시 은평구 신사동 337-10번지 ,,20030901,운영중,,,,,,,80,2,2,192244.91917        ,454249.941362       ,운영
226,신사노인교실,서울특별시 은평구 신사동 26-18번지 ,,19970526,운영중,,,,,,,50,0,0,192178.739368       ,455082.177106       ,운영
227,성진교회 늘푸른대학,서울특별시 성동구 성수동2가 339-55번지 ,,20090330,운영중,,,,,,,50,0,0,204766.317903       ,448566.934772       ,운영
228,성답경로대학,서울특별시 성동구 용답동 166-1번지 ,,20091013,운영중,,,,,,,120,2,20,204467.327535       ,451363.314631       ,운영
229,성답경로대학,서울특별시 성동구 용답동 166-1번지 ,,20091013,운영중,,,,,,,120,2,20,204467.327535       ,451363.314631       ,운영
230,금호경로대학,서울특별시 성동구 금호동3가 165-1번지 ,,20091015,운영중,,,,,,,120,1,10,202014.436229       ,449611.054297       ,운영
231,금호경로대학,서울특별시 성동구 금호동3가 165-1번지 ,,20091015,운영중,,,,,,,120,1,10,202014.436229       ,449611.054297       ,운영
232,성은교회 늘푸른대학,서울특별시 성동구 하왕십리동 974-10번지 ,,20091029,운영중,,,,,,,70,0,4,202646.046739       ,450993.712748       ,운영
233,어르신성경대학,서울특별시 성동구 옥수동 511-12번지 ,,20091029,운영중,,,,,,,84,1,26,,,운영
234,소망대학,서울특별시 성동구 행당동 346번지 ,,20091029,운영중,,,,,,,80,2,15,202511.142931       ,450401.303716       ,운영
235,안나회,서울특별시 성동구 금호동2가 760번지 ,,20100204,운영중,,,,,,,0,,,201907.540568       ,449917.0785         ,운영
236,왕십리교회노인교실,서울특별시 성동구 상왕십리동 304-3번지 ,,20080820,운영중,,,,,,,300,0,40,202075.967635       ,451547.655933       ,운영
237,금호제일노인대학,서울특별시 성동구 금호동4가 96번지 ,,20070302,운영중,,,,,,,200,1,3,202312.132764       ,449499.66317        ,운영
238,성심노인교실,서울특별시 성동구 홍익동 236번지 ,,20070928,운영중,,,,,,,80,0,10,202890.216894       ,451537.238967       ,운영
239,대한노인회서울특별시연합회부설노인교실,서울특별시 성동구 마장동 520-9번지 ,,20031126,운영중,,,,,,,50,0,3,203244.913097       ,451811.299239       ,운영
240,대한노인회서울특별시연합회부설노인교실,서울특별시 성동구 마장동 520-9번지 ,,20031126,운영중,,,,,,,50,0,3,203244.913097       ,451811.299239       ,운영
241,비전노인교실,서울특별시 성동구 송정동 73-566번지 ,,20050319,운영중,,,,,,,150,1,22,205980.401042       ,449882.571995       ,운영
242,한빛효대학,서울특별시 양천구 신월동 ,,20130906,운영중,,,,,,,92,,,,,운영
243,평광교회 GS(Golden Senior) 대학,서울특별시 양천구 목동 909-2번지 평광교회 ,,20120314,운영중,,,,,,,180,,,189712.460044       ,448457.118416       ,운영
244,신월중앙교회 평생대학,서울특별시 양천구 신월동 ,,20120406,운영중,,,,,,,0,,,,,운영
245,대한교회 노인교실,서울특별시 양천구 신정동 대한교회 ,,20120426,운영중,,,,,,,0,,,,,운영
246,목동중앙 노인교실,서울특별시 양천구 신정동 281-8번지 ,,20090901,운영중,,,,,,,0,1,3,188613.991434       ,446129.318713       ,운영
247,소명교회 노인교실,서울특별시 양천구 신월동 493-18번지 ,,20080612,운영중,,,,,,,50,0,2,186351.045          ,446783.87           ,운영
248,새마음노인교실,서울특별시 양천구 신월동 105-7번지 ,,20080220,운영중,,,,20120308,,,60,0,6,185400.170905       ,447995.980483       ,운영
249,늘푸른 실버대학,서울특별시 양천구 신월동 ,,20080220,운영중,,,,,,,80,0,2,,,운영
250,샘터 노인교실,서울특별시 양천구 목동 222-51번지 ,,20080220,운영중,,,,,,,70,0,2,188709.603172       ,448462.282195       ,운영
251,목동교회 노인교실,서울특별시 양천구 목동 315-50번지 ,,20080220,운영중,,,,,,,60,0,2,188273.32154        ,448745.196713       ,운영
252,신월동성당노인교실,서울특별시 양천구 신월동 436-1번지 ,,20060220,운영중,,,,,,,100,0,10,185592.848471       ,446732.06664        ,운영
253,사랑 노인교실,서울특별시 양천구 신월동 509-8번지 ,,20060601,운영중,,,,,,,50,0,6,186203.004924       ,446680.050386       ,운영
254,참살이노인교실,서울특별시 양천구 신월동 164-10번지 ,,20060914,운영중,,,,,,,60,0,4,184737.768933       ,447893.866556       ,운영
255,금빛새마을금고 노인교실,서울특별시 양천구 신월동 601-3번지 3층 ,,20070910,운영중,,,,,,,80,0,2,186141.564455       ,446357.071309       ,운영
256,실로암 방주교회 노인교실,서울특별시 양천구 신정동 311-11번지 ,,20050310,운영중,,,,,,,100,1,100,187169.070737       ,446311.114168       ,운영
257,신정노인교실,서울특별시 양천구 신월동 519-1번지 ,,20050916,운영중,,,,,,,70,0,13,185822.8137         ,446581.151657       ,운영
258,반석교회노인교실,서울특별시 양천구 신정동 1147-1번지 ,,20051013,운영중,,,,,,,50,2,7,187021.796282       ,446023.034127       ,운영
259,한성교회노인교실,서울특별시 양천구 신정동 758-1번지 ,,20050119,운영중,,,,,,,100,0,2,186011.062221       ,445458.742003       ,운영
260,해나리은빛 노인교실,서울특별시 양천구 목동 905-3번지 ,,20030507,운영중,,,,,,,230,1,2,189066.528901       ,447908.192054       ,운영
261,열린실버 노인교실,서울특별시 양천구 신월동 56-8번지 ,,20040318,운영중,,,,,,,0,0,6,184841.903288       ,448512.055736       ,운영
262,목민대학 노인교실,서울특별시 양천구 신정동 1191-5번지 ,,20050114,운영중,,,,,,,110,5,15,186766.147746       ,446613.228961       ,운영
263,산돌교회 노인교실,서울특별시 양천구 목동 927-3번지 ,,20050119,운영중,,,,,,,55,0,8,188205.467518       ,447024.07738        ,운영
264,등촌교회 노인교실,서울특별시 양천구 목동 626-19번지 ,,20050119,운영중,,,,,,,100,0,17,188039.057205       ,449354.404105       ,운영
265,한성교회 노인교실,서울특별시 양천구 신정동 758-1번지 ,,20050119,운영중,,,,,,,100,4,22,186011.062221       ,445458.742003       ,운영
266,목동성당 로사리오 노인교실,서울특별시 양천구 신정동 318번지 ,,20050119,운영중,,,,,,,110,0,17,188397.921536       ,446751.183918       ,운영
267,에덴노인교실,서울특별시 양천구 목동 909-9번지 ,,20050124,운영중,,,,,,,150,1,4,189606.474102       ,448283.828957       ,운영
268,요셉노인교실,서울특별시 양천구 신정동 975-1번지 ,,19901201,운영중,,,,,,,0,0,0,187123.814802       ,446674.067399       ,운영
269,천주교등촌성당 요셉노인교실,서울특별시 양천구 목동 626-15번지 ,,19901218,운영중,,,,,,,175,0,2,188052.372671       ,449394.454718       ,운영
270,(사)대한노인회 양천구지회 부설 노인교실,서울특별시 양천구 신정동 296-91번지 ,,19901218,운영중,,,,,,,80,0,2,188720.130741       ,446360.291925       ,운영
271,양천노인교실,서울특별시 양천구 목동 610-9번지 ,,19950412,운영중,,,,,,,60,0,2,188125.706865       ,449615.800811       ,운영
272,강남교회노인교실,서울특별시 양천구 신월동 103-23번지 ,,19971028,운영중,,,,,,,77,0,2,185292.799167       ,448050.79057        ,운영
273,명문노인교실,서울특별시 양천구 신정동 911-7번지 지층호,,19981204,운영중,,,,,,,0,0,2,187436.998527       ,447184.745108       ,운영
274,동아노인교실,서울특별시 양천구 신월동 76-7번지 ,,20010228,운영중,,,,,,,96,0,7,184941.2165         ,448357.405361       ,운영
275,번동노인교실,서울특별시 강북구 번동 417-15번지 ,,20090302,운영중,,,,,,,50,0,2,202405.253016       ,459558.286924       ,운영
276,삼양교회 소망회,서울특별시 강북구 미아동 791-2143번지 ,,20090305,운영중,,,,,,,69,1,10,201525.182767       ,457630.40986        ,운영
277,신성북교회노인교실,서울특별시 강북구 미아동 791-412번지 ,,20090909,운영중,,,,,,,0,0,10,201663.53208        ,458337.009845       ,운영
278,백운노인대학,서울특별시 강북구 수유동 543-1번지 ,,20070213,운영중,,,,,,,174,0,6,200831.774421       ,460248.439693       ,운영
279,강북성실노인교실,서울특별시 강북구 수유동 221-49번지 ,,20040625,운영중,,,,,,,0,0,0,201952.092603       ,459752.739951       ,운영
280,강북성실노인교실,서울특별시 강북구 수유동 221-49번지 ,,20040625,운영중,,,,,,,0,0,2,201952.092603       ,459752.739951       ,운영
281,성베드로노인교실,서울특별시 강북구 수유동 233번지 ,,20050310,운영중,,,,,,,100,0,3,201849.021553       ,460031.063752       ,운영
282,늘푸른노인교실,서울특별시 강북구 미아동 670통38반 ,,20050316,운영중,,,,,,,97,0,9,,,운영
283,요한노인교실,서울특별시 강북구 미아동 301-10번지 ,,20050324,운영중,,,,,,,60,0,9,201966.260203       ,458039.767034       ,운영
284,제일노인교실,서울특별시 강북구 미아동 258-72번지 ,,20050627,운영중,,,,,,,100,0,15,202709.306345       ,458394.138499       ,운영
285,상록노인교실,서울특별시 강북구 미아동 8통8반 ,,20021016,운영중,,,,,,,0,0,3,,,운영
286,행운동 시니어 아카데미,서울특별시 관악구 봉천동 1682-6번지 ,,20110405,운영중,,,,,,,0,,,196513.106422       ,441927.70946        ,운영
287,성가정노인교실,서울특별시 관악구 신림동 646-87번지 ,,20100629,운영중,,,,,,,93,,,193043.575282       ,440915.483584       ,운영
288,삼성산성당 노인교실,서울특별시 관악구 신림동 300-6번지 ,,20100917,운영중,,,,,,,0,,,193843.252606       ,440478.43763        ,운영
289,남문노인교실,서울특별시 관악구 봉천동 14-7번지 ,,20060518,운영중,,,,,,,0,0,0,196245.315764       ,442778.660284       ,운영
290,관악시조노인교실,서울특별시 관악구 봉천동 13-44번지 ,,20080626,운영중,,,,,,,0,0,10,196297.139918       ,442919.239875       ,운영
291,서울실버노인교실,서울특별시 관악구 봉천동 291-1번지 ,,20091230,운영중,,,,,,,0,1,15,196380.664022       ,441331.774432       ,운영
292,푸른노인교실,서울특별시 관악구 봉천동 213-10번지 ,,20060914,운영중,,,,,,,120,1,24,196402.668297       ,441441.244351       ,운영
293,선한이웃효도노인교실,서울특별시 관악구 신림동 481-7번지 ,,20060914,운영중,,,,,,,50,0,9,192815.134361       ,442613.755295       ,운영
294,신도노인교실,서울특별시 관악구 신림동 1577-3번지 ,,20070907,운영중,,,,,,,60,1,5,193041.732363       ,442301.889537       ,운영
295,하상노인교실,서울특별시 관악구 봉천동 1564-10번지 ,,20071122,운영중,,,,,,,76,5,10,,,운영
296,은천노인교실,서울특별시 관악구 신림동 1417번지 ,,20071214,운영중,,,,,,,70,4,8,,,운영
297,천주교 중앙 노인교실,서울특별시 관악구 봉천동 ,,20091230,운영중,,,,,,,95,5,9,,,운영
298,반석노인교실,서울특별시 관악구 봉천동 1565-3번지 ,,20060201,운영중,,,,,,,300,20,25,195168.623326       ,441928.274585       ,운영
299,인애노인교실,서울특별시 관악구 신림동 706-112번지 ,,20060329,운영중,,,,,,,70,0,1,192693.613567       ,441124.353756       ,운영
300,남문노인교실,서울특별시 관악구 봉천동 14-7번지 ,,20060601,운영중,,,,,,,70,2,3,196245.315764       ,442778.660284       ,운영
301,일화계노인건강교실,서울특별시 관악구 신림동 1433번지 ,,19901114,운영중,,,,,,,0,0,0,,,운영
302,구암노인교실,서울특별시 관악구 봉천동 478-11번지 ,,19930513,운영중,,,,,,,0,0,3,195275.321935       ,443129.226476       ,운영
303,천주교신림동교회 노인교실,서울특별시 관악구 신림동 92-32번지 ,,19970203,운영중,,,,,,,80,0,0,194048.821646       ,441810.964762       ,운영
304,묵동성당 노인교실,서울특별시 중랑구 묵동 239-127번지 ,,20070405,운영중,,,,,,,70,0,4,206680.05342        ,456504.26662        ,운영
305,대한노인회중랑구지회 노인교실,서울특별시 중랑구 중화동 321-37번지 ,,20070912,운영중,,,,,,,50,0,2,206539.318792       ,454746.709781       ,운영
306,공항동 성당 시니어아카데미,서울특별시 강서구 공항동 ,,20160314,운영중,,,,,,,130,,10,,,운영
307,천주교 여의도성당 너섬시니어아카데미,서울특별시 영등포구 여의도동 ,,19870901,운영중,,,,,,,0,,,,,운영
308,행복대학,서울특별시 강남구 논현동 ,,20110615,운영중,,,,,,,,,,,,운영
309,대치3성당 성모탄신,서울특별시 강남구 도곡동 양재동성당 ,,20120217,운영중,,,,,,,0,,,,,운영
310,충성은빛대학 노인교실,서울특별시 강남구 개포동 12-4번지 ,,20090312,운영중,,,,,,,55,4,3,206618.425209       ,443390.56064        ,운영
311,개포노인교실(개포성당),서울특별시 강남구 개포동 157-1번지 ,,20070202,운영중,,,,,,,100,0,30,205495.135723       ,442354.454165       ,운영
312,대치동교회은빛노인교실,서울특별시 강남구 대치동 961-9번지 ,,20070801,운영중,,,,,,,120,1,7,205219.992862       ,444530.560607       ,운영
313,삼성동성당 노인교실,서울특별시 강남구 삼성동 45-2번지 ,,20070809,운영중,,,,,,,105,0,2,204271.741651       ,445585.687959       ,운영
314,역삼성당 경환시니어아카데미,서울특별시 강남구 역삼동 역삼성당 ,,20071017,운영중,,,,,,,200,0,13,,,운영
315,요셉노인교실,서울특별시 강남구 개포동 ,,20071206,운영중,,,,,,,100,0,5,,,운영
316,소망회 노인교실,서울특별시 강남구 세곡동 313번지 ,,20080626,운영중,,,,,,,64,0,7,,,운영
317,양재동성당 시니어아카데미 노인대학,서울특별시 강남구 도곡동 951-4번지 ,,20070202,운영중,,,,,,,0,0,21,202973.580023       ,442723.802044       ,운영
318,명화노인교실,서울특별시 강남구 수서동 707번지 ,,19990111,운영중,,,,,,,80,0,0,208789.626026       ,443219.258555       ,운영
319,목련시니어스쿨,서울특별시 강남구 개포동 14-2번지 ,,19990630,운영중,,,,,,,70,0,0,206802.063169       ,443535.174784       ,운영
320,(사)대한노인회 강남구지회부설노인교회,서울특별시 강남구 청담동 40-33번지 ,,19991223,운영중,,,,,,,100,0,0,203579.295564       ,446208.112495       ,운영
321,영문노인교실,서울특별시 강남구 대치동 980-9번지 ,,20001222,운영중,,,,,,,200,0,0,205604.171716       ,444451.195034       ,운영
322,청운에녹노인교실,서울특별시 강남구 역삼동 779-10번지 ,,20010308,운영중,,,,,,,70,0,0,203927.822507       ,443717.510429       ,운영
323,수서노인교실,서울특별시 강남구 수서동 723번지 ,,19980206,운영중,,,,,,,0,0,0,209229.482888       ,442795.750804       ,운영
324,압구정여류노인교실,서울특별시 강남구 신사동 592-4번지 ,,19980619,운영중,,,,,,,65,0,0,202452.945          ,446665.43           ,운영
325,강남복지관노인교실,서울특별시 강남구 개포동 강남종합사회복지관 ,,19971106,운영중,,,,,,,50,0,0,,,운영
326,묘동노인교실,서울특별시 강남구 대치동 1015-8번지 ,,19901207,운영중,,,,,,,100,0,0,205145.228772       ,443890.045852       ,운영
327,광림노인교실,서울특별시 강남구 신사동 571-2번지 ,,19901214,운영중,,,,,,,140,0,0,202174.14054        ,446908.289835       ,운영
328,풍년노인교실,서울특별시 강남구 도곡동 959-2번지 ,,19910520,운영중,,,,,,,63,0,0,203065.925787       ,442784.248868       ,운영
329,한빛행복학교 노인교실,서울특별시 강남구 개포동 한빛선교교회 ,,20150306,운영중,,,,,,,55,3,3,,,운영
330,서대문성당성심회노인교실,서울특별시 서대문구 냉천동 서대문성당 ,,20100729,운영중,,,,,,,100,,3,,,운영
331,아현동성당노인대학 노인교실,서울특별시 서대문구 북아현동 9-1번지 ,,20080502,운영중,,,,,,,70,1,3,196182.435866       ,450709.352235       ,운영
332,바오르노인교실,서울특별시 서대문구 연희동 334-37번지 ,,20050404,운영중,,,,,,,70,0,4,193705.068709       ,451251.413427       ,운영
333,가재울시니어아카데미,서울특별시 서대문구 남가좌동 ,,20050609,운영중,,,,,,,65,3,10,,,운영
334,연희노인교실,서울특별시 서대문구 연희동 301-1번지 ,,20050829,운영중,,,,20141201,,,150,0,5,193942.401875       ,451563.92538        ,운영
335,창천동 노인문화센타,서울특별시 서대문구 창천동 4-61번지 ,,20010312,운영중,,,,,,,60,1,3,194622.034824       ,450646.069268       ,운영
336,서현교회부설 노인교실,서울특별시 서대문구 북아현동 1-282번지 ,,20050106,운영중,,,,,,,80,0,3,196207.770381       ,451314.784879       ,운영
337,노후복지센타노인교실,서울특별시 서대문구 대현동 490-17번지 ,,19970131,운영중,,,,,,,350,0,1,,,운영
338,(사)대한노인회서대문구지회부설노인교실,서울특별시 서대문구 현저동 ,,19970530,운영중,,,,,,,50,0,1,,,운영
339,홍제노인교실,서울특별시 서대문구 홍제동 301-1번지 ,,19901129,운영중,,,,,,,102,0,1,195025.458466       ,454213.303315       ,운영
340,총신노인교실,서울특별시 서대문구 현저동 1-87번지 ,,19910208,운영중,,,,,,,80,0,2,195902.630428       ,452805.387043       ,운영
341,아현노인교실,서울특별시 서대문구 북아현동 950-1번지 ,,19910501,운영중,,,,,,,150,0,1,196309.809379       ,450620.463068       ,운영
342,홍성노인교실,서울특별시 서대문구 홍제동 286-30번지 ,,19940315,운영중,,,,,,,100,0,1,195440.250117       ,455062.316269       ,운영
343,고은노인교실,서울특별시 서대문구 홍제동 449-1번지 ,,19951213,운영중,,,,,,,80,0,1,194732.982182       ,453659.33888        ,운영
344,상지경로당,서울특별시 서대문구 홍은동 178-15번지 ,,19890501,운영중,,,,,,,50,0,0,,,운영
345,서대문노인교실,서울특별시 서대문구 홍은동 9-794번지 ,,19901129,운영중,,,,,,,60,0,1,195703.408544       ,454901.788158       ,운영
346,송파시니어대학,서울특별시 송파구 송파동 ,,20140116,운영중,,,,,,,60,,,,,운영
347,임마누엘복지센터,서울특별시 송파구 장지동 ,,20120412,운영중,,,,,,,2500,,,,,운영
348,가락시니어아카데미,서울특별시 송파구 송파동 181번지 ,,19880621,운영중,,,,,,,100,0,0,210159.128563       ,444337.710043       ,운영
349,성모탄신노인교실,서울특별시 송파구 오금동 22-1번지 ,,20090409,운영중,,,,,,,130,0,0,211422.308244       ,445150.380917       ,운영
350,에덴청춘노인교실,서울특별시 송파구 삼전동 ,,20051010,운영중,,,,,,,0,,,,,운영
351,에덴청춘노인교실,서울특별시 송파구 삼전동 ,,20140905,운영중,,,,,,,66,,,,,운영
352,에덴청춘노인교실,서울특별시 송파구 삼전동 ,,20140911,운영중,,,,,,,0,,,,,운영
353,거여시니어아카데미,서울특별시 송파구 거여동 ,,20141027,운영중,,,,,,,100,,,,,운영
354,효경노인교실,서울특별시 송파구 문정동 141번지 ,,20070402,운영중,,,,,,,105,6,23,211851.042787       ,442884.992026       ,운영
355,대건노인교실,서울특별시 송파구 신천동 11-2번지 ,,20041229,운영중,,,,,,,120,0,2,209242.986541       ,446112.105192       ,운영
356,풍납시니어아카데미,서울특별시 송파구 풍납동 339-1번지 ,,20070302,운영중,,,,,,,120,2,22,210419.753578       ,447596.046075       ,운영
357,희락당노인교실,서울특별시 송파구 송파동 122-1번지 ,,20021025,운영중,,,,,,,130,0,14,210027.676142       ,444709.315132       ,운영
358,(사)대한노인회송파구지회부설 송파노인교실,서울특별시 송파구 송파동 97-41번지 ,,20021217,운영중,,,,,,,60,0,1,209823.960442       ,444282.813062       ,운영
359,성당부설은빛노인교실,서울특별시 송파구 잠실동 301-7번지 ,,20030414,운영중,,,,,,,150,0,5,206998.798497       ,444650.713768       ,운영
360,금빛노인교실,서울특별시 송파구 문정동 150-33번지 ,,20031222,운영중,,,,,,,80,0,5,210123.074906       ,443194.498702       ,운영
361,중앙노인교실,서울특별시 송파구 잠실동 307-6번지 ,,20010412,운영중,,,,,,,300,0,300,207049.081716       ,444661.475254       ,운영
362,동현노인교실,서울특별시 송파구 방이동 64-12번지 ,,20020307,운영중,,,,,,,150,0,150,209530.564623       ,445796.842192       ,운영
363,구의교회 노인교실,서울특별시 광진구 구의동 208-15번지 ,,20091228,운영중,,,,,,,60,0,2,208019.956268       ,448892.336242       ,운영
364,구의교회 늘푸른대학,서울특별시 광진구 구의동 208-15번지 ,,20091228,운영중,,,,,,,100,0,2,208019.956268       ,448892.336242       ,운영
365,자양동성당노인교실,서울특별시 광진구 자양동 553-339번지 ,,20070221,운영중,,,,,,,100,0,6,205974.776122       ,447952.612835       ,운영
366,한국중앙노인교실,서울특별시 광진구 중곡동 169-8번지 ,,20070516,운영중,,,,,,,300,4,13,207438.673176       ,451817.074462       ,운영
367,중곡여가교실,서울특별시 광진구 중곡동 134-18번지 ,,20020620,운영중,,,,,,,80,0,1,207426.260729       ,450495.301146       ,운영
368,(사)대한노인회 광진구지회 부설 광진노인교실,서울특별시 광진구 광장동 ,,19950301,운영중,,,,,,,51,0,1,,,운영
369,자양노인교실,서울특별시 광진구 자양동 ,,19980203,운영중,,,,,,,50,0,2,,,운영
370,요아킴안나노인교실,서울특별시 도봉구 쌍문동 485-3번지 ,,20090108,운영중,,,,,,,100,2,11,201397.580459       ,461536.301033       ,운영
371,도성생활학교,서울특별시 도봉구 도봉동 617-4번지 ,,20091230,운영중,,,,,,,150,0,0,203756.848976       ,463291.570001       ,운영
372,성모탄신지혜대학,서울특별시 도봉구 방학동 ,,20051117,운영중,,,,,,,50,0,0,,,운영
373,상현평생대학,서울특별시 노원구 중계동 ,,20130807,운영중,,,,,,,0,,,,,운영
374,어르신 신앙학교,서울특별시 노원구 상계동 186-1번지 ,,20110105,운영중,,,,,,,0,,,206104.886408       ,461467.337841       ,운영
375,바오로노인대학,서울특별시 노원구 월계동 372-3번지 ,,20110318,운영중,,,,,,,0,,,205263.727361       ,458001.686827       ,운영
376,대건기로대학,서울특별시 노원구 상계동 1105-68번지 ,,20100326,운영중,,,,,,,0,,,204683.94761        ,463718.240717       ,운영
377,공능행복대학,서울특별시 노원구 공릉동 499-7번지 ,,20100329,운영중,,,,,,,0,,,206478.400483       ,458091.51606        ,운영
378,상계경신노인대학,서울특별시 노원구 상계동 1019-8번지 ,,20090610,운영중,,,,,,,100,0,0,205013.181202       ,463316.334607       ,운영
379,삼일경로대학,서울특별시 노원구 상계동 357-7번지 ,,20090611,운영중,,,,,,,300,0,0,205495.769238       ,461673.696168       ,운영
380,태릉성당 지혜대학,서울특별시 노원구 공릉동 87번지 ,,20090928,운영중,,,,,,,54,0,0,207249.563187       ,457736.110383       ,운영
381,상계행복대학,서울특별시 노원구 상계동 436-2번지 ,,20080904,운영중,,,,,,,200,0,0,205897.435587       ,462070.732774       ,운영
382,수정경로대학,서울특별시 노원구 하계동 275-2번지 ,,20090519,운영중,,,,,,,60,3,16,206232.603798       ,459037.208807       ,운영
383,노원마태오시니어아카데미,서울특별시 노원구 상계동 661번지 ,,20080222,운영중,,,,,,,150,0,0,204573.02487        ,462421.184012       ,운영
384,루카시니어아카데미,서울특별시 노원구 상계동 1292번지 ,,20030615,운영중,,,,,,,200,0,20,206672.842437       ,462315.760968       ,운영
385,요셉시니어 아카데미,서울특별시 노원구 하계동 ,,20070618,운영중,,,,,,,120,0,1,,,운영
386,양업시니어아카데미,서울특별시 노원구 중계동 58-21번지 ,,20070928,운영중,,,,,,,120,0,3,207187.682933       ,460521.766346       ,운영
387,노원은빛청춘노인교실,서울특별시 노원구 월계동 321번지 ,,20011029,운영중,,,,,,,0,2,11,205271.835499       ,458634.370362       ,운영
388,중계노인교실,서울특별시 노원구 중계동 501-1번지 ,,20000421,운영중,,,,,,,90,0,0,205370.102653       ,460101.274193       ,운영
389,평화노인교실,서울특별시 노원구 중계동 514-3번지 ,,19990830,운영중,,,,,,,350,0,0,206020.891241       ,460461.895023       ,운영
390,(사)대한노인회 노원구지회 부설 노인교실,서울특별시 노원구 중계동 507-3번지 ,,19901205,운영중,,,,,,,150,0,0,205735.958463       ,459705.435524       ,운영
391,보라매노인교실,서울특별시 동작구 신대방동 474-3번지 ,,20020909,운영중,,,,,,,50,0,70,192317.316022       ,443450.211113       ,운영
392,(사)대한노인회 동작구지회 부설 노인교실,서울특별시 동작구 대방동 407-8번지 ,,19970117,운영중,,,,,,,150,0,150,192960.863287       ,444006.493929       ,운영
393,상도노인교실,서울특별시 동작구 상도동 600-2번지 ,,19970117,운영중,,,,,,,50,0,100,,,운영
394,남현노인교실,서울특별시 동작구 상도동 159-56번지 ,,19980403,운영중,,,,,,,50,0,70,195317.71259        ,444325.122225       ,운영
395,제일교회노인교실,서울특별시 동작구 흑석동 80-3번지 ,,20000621,운영중,,,,,,,50,0,50,196616.320358       ,444550.104105       ,운영
396,예수성심노인교실,서울특별시 동작구 사당동 42번지 ,,20070607,운영중,,,,,,,101,0,101,198191.327473       ,443294.585511       ,운영
397,우장산성당 부설 시니어아카데미,서울특별시 강서구 화곡동 ,,20150121,운영중,,,,,,,58,,,,,운영
398,방화3동성당 성가정 시니어아카데미,서울특별시 강서구 방화동 ,,20150407,운영중,,,,,,,80,,,,,운영
399,예장경향교회 노인교실,서울특별시 강서구 등촌동 ,,20130515,운영중,,,,,,,0,,,,,운영
400,목양중앙교회,서울특별시 강서구 화곡동 409-77번지 ,,20130822,운영중,,,,,,,100,,,186546.24292        ,448316.230819       ,운영
401,예원시니어대학,서울특별시 강서구 등촌동 ,,20140303,운영중,,,,,,,100,,,,,운영
402,강서제자노인교실,서울특별시 강서구 방화동 609-201번지 ,,20101202,운영중,,,,,,,,,,183333.949764       ,451431.393854       ,운영
403,노인 지도자 대학,서울특별시 강서구 등촌동 637-19번지 ,,20100217,운영중,,,,,,,110,,,187493.036351       ,450452.114414       ,운영
404,순교자 노인대학,서울특별시 강서구 등촌동 695-3번지 ,,20090204,운영중,,,,20150306,,,130,0,0,186257.336114       ,450824.711761       ,운영
405,발음어르신문화교실,서울특별시 강서구 내발산동 709-8번지 ,,20070920,운영중,,,,,,,150,1,20,185296.624674       ,449912.704594       ,운영
406,한빛노인교실,서울특별시 강서구 화곡동 332-12번지 ,,20080722,운영중,,,,,,,80,2,21,186432.490224       ,448228.922988       ,운영
407,강남교회,서울특별시 강서구 화곡동 957-10번지 ,,20080306,운영중,,,,,,,160,0,2,186870.452451       ,449767.420057       ,운영
408,배광노인교실,서울특별시 강서구 등촌동 564-1번지 ,,20060327,운영중,,,,,,,90,0,11,,,운영
409,영신늘푸른노인교실,서울특별시 강서구 방화동 805번지 ,,20060329,운영중,,,,,,,100,0,6,183033.558007       ,452692.402145       ,운영
410,등촌제일교회노인교실,서울특별시 강서구 등촌동 631-9번지 ,,20050119,운영중,,,,,,,200,0,12,187759.109876       ,450414.448218       ,운영
411,하상시니어아카데미,서울특별시 강서구 화곡동 883번지 ,,20031023,운영중,,,,20031023,,,130,0,120,,,운영
412,천사노인교실,서울특별시 강서구 가양동 1481번지 ,,19940106,운영중,,,,,,,100,0,0,187084.103221       ,451262.653398       ,운영
413,염창교회 노인교실,서울특별시 강서구 염창동 264-30번지 ,,20031120,운영중,,,,,,,170,0,18,188510.019817       ,449784.812063       ,운영
414,등촌1동성당 노인교실 평생대학,서울특별시 강서구 등촌동 등촌1동천주교회 ,,19910509,운영중,,,,,,,100,,,,,운영
415,치유하는교회 늘푸른실버대학,서울특별시 강서구 화곡동 346-46번지 ,,20011203,운영중,,,,,,,200,0,5,,,운영
416,성모시니어아카데미 노인교실,서울특별시 강서구 화곡동 105-244번지 ,,20011207,운영중,,,,,,,120,0,11,,,운영
417,성산어르신문화교실,서울특별시 강서구 방화동 487-7번지 ,,20011024,운영중,,,,20010124,,,200,0,0,183107.571571       ,452405.356223       ,운영
418,강서교회노인교실,서울특별시 강서구 화곡동 358-15번지 ,,20000331,운영중,,,,20000331,,,100,0,0,185667.462782       ,447734.235003       ,운영
419,성지교회노인교실,서울특별시 강서구 가양동 1479-3번지 ,,20000506,운영중,,,,20000506,,,53,0,0,186842.638024       ,451287.112606       ,운영
420,양화노인예능교실,서울특별시 강서구 등촌동 646-1번지 ,,19970804,운영중,,,,,,,50,0,0,187829.89896        ,450184.312817       ,운영
421,까치산노인교실,서울특별시 강서구 화곡동 105-456번지 ,,19980303,운영중,,,,19980303,,,80,0,0,186141.447764       ,448370.215148       ,운영
422,강서시니어대학,서울특별시 강서구 내발산동 671-30번지 ,,19910207,운영중,,,,,,,80,0,1,185800.817138       ,450225.754321       ,운영
423,남서울교회 늘푸른노인교실,서울특별시 영등포구 당산동 ,,20090320,운영중,,,,,,,,,,,,운영
424,도림노인교실,서울특별시 영등포구 도림동 ,,19811012,운영중,,,,,,,,,,,,운영
425,신길노인교실,서울특별시 영등포구 신길동 ,,20050103,운영중,,,,,,,,,,,,운영
426,영신노인교실,서울특별시 영등포구 당산동4가 ,,20040101,운영중,,,,,,,,,,,,운영
427,소망영신 노인교실,서울특별시 영등포구 신길동 ,,20081113,운영중,,,,,,,,,,,,운영
428,대림교회 노인교실,서울특별시 영등포구 신길동 ,,20081209,운영중,,,,,,,,,,,,운영
429,한국복지정보통신어르신정보화교실,서울특별시 광진구 자양동 주식회사 케이티 자양빌딩 B동 ,,20170417,운영중,,,,,,,105,1,4,,,운영
