,final_address,addrbunho,address,cafe,cafe_id,image_url,franchise,si,town,ri,address1,lat,lng
3317,제주특별자치도 제주시 애월읍 곽지리 1622,1622,제주특별자치도 제주시 애월읍 곽지리,분홍씨,14492238,http://t1.daumcdn.net/place/3B9E7A75E1CB4A6F8CB1429C4BFD076E,0.0,제주시,애월읍,곽지리,"['제주특별자치도', '제주시', '애월읍', '곽지리']",33.45293021527693,126.30802364851296
1382,제주특별자치도 제주시 애월읍 구엄리 540-4,540-4,제주특별자치도 제주시 애월읍 구엄리,카페 란,1007330337,,0.0,제주시,애월읍,구엄리,"['제주특별자치도', '제주시', '애월읍', '구엄리']",33.482962687964076,126.38076718429295
2649,제주특별자치도 제주시 애월읍 금성리 472-5,472-5,제주특별자치도 제주시 애월읍 금성리,심바커피,1268423886,,0.0,제주시,애월읍,금성리,"['제주특별자치도', '제주시', '애월읍', '금성리']",33.448417921367,126.30209693220462
1198,제주특별자치도 제주시 애월읍 상가리 1184,1184,제주특별자치도 제주시 애월읍 상가리,카페어떤오후,322555256,http://t1.daumcdn.net/place/3CCBAFCD3501448D8AE8104C5EB43908,0.0,제주시,애월읍,상가리,"['제주특별자치도', '제주시', '애월읍', '상가리']",33.45079202609467,126.34596373375726
1720,제주특별자치도 제주시 애월읍 유수암리 965,965,제주특별자치도 제주시 애월읍 유수암리,숲숨 제주,790751922,,0.0,제주시,애월읍,유수암리,"['제주특별자치도', '제주시', '애월읍', '유수암리']",33.42978688896359,126.40884843165838
1391,제주특별자치도 제주시 애월읍 유수암리 1206,1206,제주특별자치도 제주시 애월읍 유수암리,에코소랑꼬라지오카페2호점,207957792,,0.0,제주시,애월읍,유수암리,"['제주특별자치도', '제주시', '애월읍', '유수암리']",33.40752251883795,126.39864918191198
1338,제주특별자치도 제주시 애월읍 애월리 2501-4,2501-4,제주특별자치도 제주시 애월읍 애월리,이뻬하우스카페,1604209667,http://t1.daumcdn.net/place/61C9697A82B843D3B26981885DFFB5B9,0.0,제주시,애월읍,애월리,"['제주특별자치도', '제주시', '애월읍', '애월리']",33.462534533650036,126.31202629165892
1818,제주특별자치도 제주시 애월읍 하귀2리 1436-5,1436-5,제주특별자치도 제주시 애월읍 하귀2리,하와유제주,612067679,http://t1.daumcdn.net/localfiy/809833A5830841979C9424634879BD79,0.0,제주시,애월읍,하귀2리,"['제주특별자치도', '제주시', '애월읍', '하귀2리']",33.48214636201979,126.4055449860531
3383,제주특별자치도 제주시 애월읍 하귀1리 157-6,157-6,제주특별자치도 제주시 애월읍 하귀1리,망고레이 하귀본점,20281849,http://t1.daumcdn.net/place/573231BBCBA3433BB94B7ADF77B1BB13,0.0,제주시,애월읍,하귀1리,"['제주특별자치도', '제주시', '애월읍', '하귀1리']",33.484060648621735,126.41602022626665
1033,제주특별자치도 제주시 애월읍 고내리 1039-1,1039-1,제주특별자치도 제주시 애월읍 고내리,가을남자의커피향기,1702038880,,0.0,제주시,애월읍,고내리,"['제주특별자치도', '제주시', '애월읍', '고내리']",33.46340300545255,126.33908362083925
533,제주특별자치도 제주시 애월읍 하귀2리 2837-7,2837-7,제주특별자치도 제주시 애월읍 하귀2리,수웨기,2130671964,http://t1.daumcdn.net/localfiy/D0EF219D569C4E858DD9BECFEA9AB61F,0.0,제주시,애월읍,하귀2리,"['제주특별자치도', '제주시', '애월읍', '하귀2리']",33.48860364853202,126.388887420701
66,제주특별자치도 제주시 애월읍 소길리 797-9,797-9,제주특별자치도 제주시 애월읍 소길리,난장이공,25081546,http://t1.daumcdn.net/place/AAFA87F418F44FD5B4C7BB5B824B8484,0.0,제주시,애월읍,소길리,"['제주특별자치도', '제주시', '애월읍', '소길리']",33.43397633137315,126.37980774066895
588,제주특별자치도 제주시 애월읍 광령리 97,97,제주특별자치도 제주시 애월읍 광령리,티제이힐링티하우스,23396553,,0.0,제주시,애월읍,광령리,"['제주특별자치도', '제주시', '애월읍', '광령리']",33.45728208582851,126.44236309805375
2968,제주특별자치도 제주시 애월읍 하가리 1407-2,1407-2,제주특별자치도 제주시 애월읍 하가리,블라썸1407,1553958207,http://t1.daumcdn.net/localfiy/108D64FF12D84A5598CED9F310AE1E5B,0.0,제주시,애월읍,하가리,"['제주특별자치도', '제주시', '애월읍', '하가리']",33.45684451043108,126.34752739760108
517,제주특별자치도 제주시 애월읍 곽지리 1381,1381,제주특별자치도 제주시 애월읍 곽지리,애월더선셋,27149644,http://t1.daumcdn.net/place/AF64BE5EB61F4229B44B9F9265CF780B,0.0,제주시,애월읍,곽지리,"['제주특별자치도', '제주시', '애월읍', '곽지리']",33.45603245986354,126.3088121531693
3251,제주특별자치도 제주시 애월읍 하귀1리 195-11,195-11,제주특별자치도 제주시 애월읍 하귀1리,수제홍과일모찌 하귀점,1024025969,http://t1.daumcdn.net/place/C736322457134A079EB42614C0C6877B,0.0,제주시,애월읍,하귀1리,"['제주특별자치도', '제주시', '애월읍', '하귀1리']",33.483913595762175,126.41389945151955
2623,제주특별자치도 제주시 애월읍 금성리 472-13,472-13,제주특별자치도 제주시 애월읍 금성리,드라마2015 카페&베이커리,788872329,http://t1.daumcdn.net/place/01613A30B92B4A0F8CC79BFCBF5CB647,0.0,제주시,애월읍,금성리,"['제주특별자치도', '제주시', '애월읍', '금성리']",33.448231220814485,126.30160370040674
2559,제주특별자치도 제주시 애월읍 애월리 2477,2477,제주특별자치도 제주시 애월읍 애월리,어보브앤비욘드,109596187,,0.0,제주시,애월읍,애월리,"['제주특별자치도', '제주시', '애월읍', '애월리']",33.46183115623703,126.3107023290234
1121,제주특별자치도 제주시 애월읍 유수암리 2999,2999,제주특별자치도 제주시 애월읍 유수암리,갤러리이니앤카페,27528954,http://t1.daumcdn.net/place/36940AB967504443B99543D50BAD7E2F,0.0,제주시,애월읍,유수암리,"['제주특별자치도', '제주시', '애월읍', '유수암리']",33.422266353567224,126.39144275546043
1154,제주특별자치도 제주시 애월읍 하귀2리 2675-3,2675-3,제주특별자치도 제주시 애월읍 하귀2리,브런치노,25130846,,0.0,제주시,애월읍,하귀2리,"['제주특별자치도', '제주시', '애월읍', '하귀2리']",33.48364795234332,126.39391027762967
2817,제주특별자치도 제주시 애월읍 신엄리 2730-1,2730-1,제주특별자치도 제주시 애월읍 신엄리,파스쿠찌 애월해안도로점,23949373,http://t1.daumcdn.net/place/07756E60BB7F4510939B632D21ED9A95,1.0,제주시,애월읍,신엄리,"['제주특별자치도', '제주시', '애월읍', '신엄리']",33.47828445007994,126.363521980316
2616,제주특별자치도 제주시 애월읍 하귀2리 2742,2742,제주특별자치도 제주시 애월읍 하귀2리,초계미술관,21457900,,0.0,제주시,애월읍,하귀2리,"['제주특별자치도', '제주시', '애월읍', '하귀2리']",33.487240852385106,126.3904334965657
594,제주특별자치도 제주시 애월읍 어음리 산 131-3,산 131-3,제주특별자치도 제주시 애월읍 어음리,아르크애월,2115307100,http://t1.daumcdn.net/place/2435B06C0E8046F79E514BEDA9238918,0.0,제주시,애월읍,어음리,"['제주특별자치도', '제주시', '애월읍', '어음리']",33.390603360918135,126.36644461925904
929,제주특별자치도 제주시 애월읍 하가리 1415,1415,제주특별자치도 제주시 애월읍 하가리,살롱드라방,25665611,http://t1.daumcdn.net/place/8E13AD68CFFD4702BA6E08A3CE7B170E,0.0,제주시,애월읍,하가리,"['제주특별자치도', '제주시', '애월읍', '하가리']",33.45781834760375,126.34892270662799
2710,제주특별자치도 제주시 애월읍 어음리 2922,2922,제주특별자치도 제주시 애월읍 어음리,어음분교1963커피,1026347054,,0.0,제주시,애월읍,어음리,"['제주특별자치도', '제주시', '애월읍', '어음리']",33.403100453637684,126.33829794971942
2338,제주특별자치도 제주시 애월읍 상귀리 152,152,제주특별자치도 제주시 애월읍 상귀리,고마워토토아뜰리에 카페,841887322,http://t1.daumcdn.net/localfiy/6BC8B319CCEC4649958F95608DC8799E,0.0,제주시,애월읍,상귀리,"['제주특별자치도', '제주시', '애월읍', '상귀리']",33.46999438140033,126.41341655439446
1399,제주특별자치도 제주시 애월읍 유수암리 2411,2411,제주특별자치도 제주시 애월읍 유수암리,카페호나,1011753973,http://t1.daumcdn.net/place/311AD04417E2491C925A180DBC7DEA59,0.0,제주시,애월읍,유수암리,"['제주특별자치도', '제주시', '애월읍', '유수암리']",33.43420791979481,126.39678337260425
2945,제주특별자치도 제주시 애월읍 소길리 155-101,155-101,제주특별자치도 제주시 애월읍 소길리,아모르,21480387,,0.0,제주시,애월읍,소길리,"['제주특별자치도', '제주시', '애월읍', '소길리']",33.41218760078094,126.3931385424837
1826,제주특별자치도 제주시 애월읍 광령리 1003-12,1003-12,제주특별자치도 제주시 애월읍 광령리,프래그란스,717903736,http://t1.daumcdn.net/localfiy/5325A1268F7D4857B8F45528D048D1F7,0.0,제주시,애월읍,광령리,"['제주특별자치도', '제주시', '애월읍', '광령리']",33.4544225053656,126.44002372792725
3001,제주특별자치도 제주시 애월읍 하귀2리 2721-4,2721-4,제주특별자치도 제주시 애월읍 하귀2리,가호,1443596351,http://t1.daumcdn.net/place/BA796C19E7BD4AD39F730177CCB142F1,0.0,제주시,애월읍,하귀2리,"['제주특별자치도', '제주시', '애월읍', '하귀2리']",33.484785608480315,126.39057120315016
219,제주특별자치도 제주시 애월읍 하귀1리 1629-1,1629-1,제주특별자치도 제주시 애월읍 하귀1리,하귀1629,867356495,http://t1.daumcdn.net/place/C0B9326E61E6429F85097E579FC5DE01,0.0,제주시,애월읍,하귀1리,"['제주특별자치도', '제주시', '애월읍', '하귀1리']",33.48633046446741,126.40871419512027
3086,제주특별자치도 제주시 애월읍 납읍리 889,889,제주특별자치도 제주시 애월읍 납읍리,곽스 제주점,85931195,http://t1.daumcdn.net/localfiy/F703AEB7F97F4767AA223F43D29E837C,0.0,제주시,애월읍,납읍리,"['제주특별자치도', '제주시', '애월읍', '납읍리']",33.44377513262199,126.33733542699196
1340,제주특별자치도 제주시 애월읍 상가리 16,16,제주특별자치도 제주시 애월읍 상가리,커피상가,45532004,http://t1.daumcdn.net/place/384DD5F8089E4713BA2ACF512937B979,0.0,제주시,애월읍,상가리,"['제주특별자치도', '제주시', '애월읍', '상가리']",33.397370932225165,126.38112987155183
1937,제주특별자치도 제주시 애월읍 애월리 2465,2465,제주특별자치도 제주시 애월읍 애월리,카페1994,544070762,http://t1.daumcdn.net/place/66612BC1D3A444E08784C8CE184764AF,0.0,제주시,애월읍,애월리,"['제주특별자치도', '제주시', '애월읍', '애월리']",33.460612104867096,126.31133154993765
240,제주특별자치도 제주시 애월읍 신엄리 2715,2715,제주특별자치도 제주시 애월읍 신엄리,에바다웨이마린,1419063288,,0.0,제주시,애월읍,신엄리,"['제주특별자치도', '제주시', '애월읍', '신엄리']",33.47765654442332,126.36414626874182
3222,제주특별자치도 제주시 애월읍 하귀1리 189-10,189-10,제주특별자치도 제주시 애월읍 하귀1리,에피소드카페 게스트하우스,25589988,http://t1.daumcdn.net/cfile/2544F84D53EA02F322,0.0,제주시,애월읍,하귀1리,"['제주특별자치도', '제주시', '애월읍', '하귀1리']",33.485421880412765,126.41331257658463
626,제주특별자치도 제주시 애월읍 유수암리 1014,1014,제주특별자치도 제주시 애월읍 유수암리,파스쿠찌 제주유수암점,614271019,http://t1.daumcdn.net/place/7D50C3F824094831AF6B703588832AFF,1.0,제주시,애월읍,유수암리,"['제주특별자치도', '제주시', '애월읍', '유수암리']",33.423655553427174,126.40799112464153
528,제주특별자치도 제주시 애월읍 하귀1리 213-8,213-8,제주특별자치도 제주시 애월읍 하귀1리,커피쟁이,8558014,,0.0,제주시,애월읍,하귀1리,"['제주특별자치도', '제주시', '애월읍', '하귀1리']",33.48238699672565,126.4136644221922
2673,제주특별자치도 제주시 애월읍 신엄리 1396,1396,제주특별자치도 제주시 애월읍 신엄리,별인애월,1923151662,http://t1.daumcdn.net/localfiy/FD8EEDEFE2C5442DB04B03C10FD0C0E8,0.0,제주시,애월읍,신엄리,"['제주특별자치도', '제주시', '애월읍', '신엄리']",33.468780318467054,126.36676708690203
543,제주특별자치도 제주시 애월읍 고내리 390,390,제주특별자치도 제주시 애월읍 고내리,홍요깃거리까페,26526322,http://t1.daumcdn.net/localfiy/2EA681DEC0C142D6BCBB73E8A2230EFA,0.0,제주시,애월읍,고내리,"['제주특별자치도', '제주시', '애월읍', '고내리']",33.472510722730334,126.346889321706
139,제주특별자치도 제주시 애월읍 유수암리 2411,2411,제주특별자치도 제주시 애월읍 유수암리,카페나오,1166708713,,0.0,제주시,애월읍,유수암리,"['제주특별자치도', '제주시', '애월읍', '유수암리']",33.43420791979481,126.39678337260425
490,제주특별자치도 제주시 애월읍 하귀1리 214-1,214-1,제주특별자치도 제주시 애월읍 하귀1리,뜨락,1975015812,,0.0,제주시,애월읍,하귀1리,"['제주특별자치도', '제주시', '애월읍', '하귀1리']",33.482933044367186,126.41245569957741
32,제주특별자치도 제주시 애월읍 고내리 459,459,제주특별자치도 제주시 애월읍 고내리,망고홀릭 애월해안도로점,221879692,http://t1.daumcdn.net/place/6C09B8E7B1084BCC8485977A7D7E25A2,0.0,제주시,애월읍,고내리,"['제주특별자치도', '제주시', '애월읍', '고내리']",33.47042741921991,126.34165518444264
3400,제주특별자치도 제주시 애월읍 신엄리 963,963,제주특별자치도 제주시 애월읍 신엄리,큐티파이카페,419491158,http://t1.daumcdn.net/place/0D0D9498BE064E05A12C4DC67C322221,0.0,제주시,애월읍,신엄리,"['제주특별자치도', '제주시', '애월읍', '신엄리']",33.47792139040276,126.36868879237657
3293,제주특별자치도 제주시 애월읍 곽지리 1380,1380,제주특별자치도 제주시 애월읍 곽지리,제이제이그랑블루,704440992,http://t1.daumcdn.net/localfiy/29BC8F95856C449EB743413113FBD84B,0.0,제주시,애월읍,곽지리,"['제주특별자치도', '제주시', '애월읍', '곽지리']",33.45668250752937,126.30897478867348
2386,제주특별자치도 제주시 애월읍 납읍리 1367,1367,제주특별자치도 제주시 애월읍 납읍리,디오믈렛 제주애월점,2144096934,,0.0,제주시,애월읍,납읍리,"['제주특별자치도', '제주시', '애월읍', '납읍리']",33.42756094442567,126.33062012578293
836,제주특별자치도 제주시 애월읍 광령리 2807-18,2807-18,제주특별자치도 제주시 애월읍 광령리,소원성지카페,300712547,,0.0,제주시,애월읍,광령리,"['제주특별자치도', '제주시', '애월읍', '광령리']",33.42973789978107,126.43469838692114
2383,제주특별자치도 제주시 애월읍 금성리 201,201,제주특별자치도 제주시 애월읍 금성리,해차롱,982245999,,0.0,제주시,애월읍,금성리,"['제주특별자치도', '제주시', '애월읍', '금성리']",33.4393846468533,126.3034898385554
479,제주특별자치도 제주시 애월읍 수산리 965-1,965-1,제주특별자치도 제주시 애월읍 수산리,밀테이블가든,1242750756,http://t1.daumcdn.net/place/A19F14D68444459DB93668EBC822B618,0.0,제주시,애월읍,수산리,"['제주특별자치도', '제주시', '애월읍', '수산리']",33.46896572072608,126.3886121980401
207,제주특별자치도 제주시 애월읍 하귀1리 138-13,138-13,제주특별자치도 제주시 애월읍 하귀1리,네꼬야 티하우스,1566433967,http://t1.daumcdn.net/place/E4C86EBD61DD4A12AEEE5650F82AD796,0.0,제주시,애월읍,하귀1리,"['제주특별자치도', '제주시', '애월읍', '하귀1리']",33.48570326754177,126.41562185456417
1845,제주특별자치도 제주시 애월읍 구엄리 509,509,제주특별자치도 제주시 애월읍 구엄리,세렌디피티153,551429441,,0.0,제주시,애월읍,구엄리,"['제주특별자치도', '제주시', '애월읍', '구엄리']",33.48433109913786,126.3810888382514
1967,제주특별자치도 제주시 애월읍 장전리 201-1,201-1,제주특별자치도 제주시 애월읍 장전리,하루하나,17125904,http://t1.daumcdn.net/place/3A4E0806DFFB41E29BE821771F70FC0B,0.0,제주시,애월읍,장전리,"['제주특별자치도', '제주시', '애월읍', '장전리']",33.45209668346269,126.39332534560977
2617,제주특별자치도 제주시 애월읍 신엄리 2806-2,2806-2,제주특별자치도 제주시 애월읍 신엄리,환카페부동산중개,26969310,,0.0,제주시,애월읍,신엄리,"['제주특별자치도', '제주시', '애월읍', '신엄리']",33.476662270269365,126.35389422708828
1691,제주특별자치도 제주시 애월읍 고내리 84,84,제주특별자치도 제주시 애월읍 고내리,투썸플레이스 제주애월다인호텔점,1298489888,http://t1.daumcdn.net/place/91D99A8BF1494E8B93EE79B23A699B44,1.0,제주시,애월읍,고내리,"['제주특별자치도', '제주시', '애월읍', '고내리']",33.47250719861194,126.35033620397455
1522,제주특별자치도 제주시 애월읍 하귀2리 2599,2599,제주특별자치도 제주시 애월읍 하귀2리,타임바이어 로스터즈,651803880,http://t1.daumcdn.net/place/A666E6516FA34716AEF27DF2BC0C7FC5,0.0,제주시,애월읍,하귀2리,"['제주특별자치도', '제주시', '애월읍', '하귀2리']",33.4838583759232,126.39416703806258
726,제주특별자치도 제주시 애월읍 소길리 652-1,652-1,제주특별자치도 제주시 애월읍 소길리,골목카페옥수,481425144,http://t1.daumcdn.net/place/CE7188D9F08B404BBBC28E799C8ADFB4,0.0,제주시,애월읍,소길리,"['제주특별자치도', '제주시', '애월읍', '소길리']",33.43987020052675,126.38001960236339
2552,제주특별자치도 제주시 애월읍 고내리 1231-4,1231-4,제주특별자치도 제주시 애월읍 고내리,본카페 애월,823443118,http://t1.daumcdn.net/localad_thumb/t/3c88d4d6d9374d4212ccdd16529386671367cd68,0.0,제주시,애월읍,고내리,"['제주특별자치도', '제주시', '애월읍', '고내리']",33.46779009899664,126.33201499462398
2779,제주특별자치도 제주시 애월읍 하귀1리 200-10,200-10,제주특별자치도 제주시 애월읍 하귀1리,드카페,1830339195,,0.0,제주시,애월읍,하귀1리,"['제주특별자치도', '제주시', '애월읍', '하귀1리']",33.48264904737164,126.41417049476537
473,제주특별자치도 제주시 애월읍 신엄리 2806-2,2806-2,제주특별자치도 제주시 애월읍 신엄리,제주맘C,1305206409,,0.0,제주시,애월읍,신엄리,"['제주특별자치도', '제주시', '애월읍', '신엄리']",33.476662270269365,126.35389422708828
2924,제주특별자치도 제주시 애월읍 광령리 2578,2578,제주특별자치도 제주시 애월읍 광령리,꾸까카페,26550108,,0.0,제주시,애월읍,광령리,"['제주특별자치도', '제주시', '애월읍', '광령리']",33.447955888490746,126.43596117353616
597,제주특별자치도 제주시 애월읍 애월리 875-1,875-1,제주특별자치도 제주시 애월읍 애월리,아이덴,771627510,,0.0,제주시,애월읍,애월리,"['제주특별자치도', '제주시', '애월읍', '애월리']",33.45385579220026,126.32612880409354
3155,제주특별자치도 제주시 애월읍 하귀2리 1480,1480,제주특별자치도 제주시 애월읍 하귀2리,카페백퍼,26350894,http://t1.daumcdn.net/cfile/257F4B38548906E50C,0.0,제주시,애월읍,하귀2리,"['제주특별자치도', '제주시', '애월읍', '하귀2리']",33.4837691656809,126.40403188634366
1458,제주특별자치도 제주시 애월읍 신엄리 1279-12,1279-12,제주특별자치도 제주시 애월읍 신엄리,애월에서,25689482,http://t1.daumcdn.net/cfile/2238D23453F8110E2C,0.0,제주시,애월읍,신엄리,"['제주특별자치도', '제주시', '애월읍', '신엄리']",33.47199008023046,126.36820251656872
3402,제주특별자치도 제주시 애월읍 유수암리 1077-4,1077-4,제주특별자치도 제주시 애월읍 유수암리,테라,13622246,http://t1.daumcdn.net/cfile/14783A4E4FC5E36F1F,0.0,제주시,애월읍,유수암리,"['제주특별자치도', '제주시', '애월읍', '유수암리']",33.420625629904556,126.4078740680554
2023,제주특별자치도 제주시 애월읍 장전리 49-17,49-17,제주특별자치도 제주시 애월읍 장전리,카이로스,1225009208,http://t1.daumcdn.net/place/7B74B09DEDA9413EB4364844AF7F58A2,0.0,제주시,애월읍,장전리,"['제주특별자치도', '제주시', '애월읍', '장전리']",33.4493566549198,126.40016319303301
2608,제주특별자치도 제주시 애월읍 신엄리 764-3,764-3,제주특별자치도 제주시 애월읍 신엄리,앤디앤라라빈티지,26573067,http://t1.daumcdn.net/place/603D20F27F144D59A5B334FC00B06E82,0.0,제주시,애월읍,신엄리,"['제주특별자치도', '제주시', '애월읍', '신엄리']",33.47475736081758,126.37555830567977
2708,제주특별자치도 제주시 애월읍 하귀1리 1612,1612,제주특별자치도 제주시 애월읍 하귀1리,Seaside,166699310,,0.0,제주시,애월읍,하귀1리,"['제주특별자치도', '제주시', '애월읍', '하귀1리']",33.48504130172369,126.40760395951565
2563,제주특별자치도 제주시 애월읍 곽지리 1575-10,1575-10,제주특별자치도 제주시 애월읍 곽지리,그레이,1836062230,http://t1.daumcdn.net/place/963B76282D404CCCBE5B6433DB35D71B,0.0,제주시,애월읍,곽지리,"['제주특별자치도', '제주시', '애월읍', '곽지리']",33.44910771857725,126.30484039740708
1660,제주특별자치도 제주시 애월읍 하귀2리 1480,1480,제주특별자치도 제주시 애월읍 하귀2리,스나쿠타카,293812210,,0.0,제주시,애월읍,하귀2리,"['제주특별자치도', '제주시', '애월읍', '하귀2리']",33.4837691656809,126.40403188634366
1398,제주특별자치도 제주시 애월읍 하가리 1359-1,1359-1,제주특별자치도 제주시 애월읍 하가리,프롬더럭,24662358,http://t1.daumcdn.net/place/F6F1768587414833B9749501827E0BEF,0.0,제주시,애월읍,하가리,"['제주특별자치도', '제주시', '애월읍', '하가리']",33.45535220177755,126.34697927045538
946,제주특별자치도 제주시 애월읍 고내리 463,463,제주특별자치도 제주시 애월읍 고내리,엔제리너스 제주애월D/I점,26810675,,1.0,제주시,애월읍,고내리,"['제주특별자치도', '제주시', '애월읍', '고내리']",33.46962213282616,126.3407748461691
1269,제주특별자치도 제주시 애월읍 하귀1리 1112-2,1112-2,제주특별자치도 제주시 애월읍 하귀1리,애월맛차,1918075858,http://t1.daumcdn.net/localfiy/EC6F74AA5C234905A963B369D3AF888B,0.0,제주시,애월읍,하귀1리,"['제주특별자치도', '제주시', '애월읍', '하귀1리']",33.47138255651571,126.4187172971151
2934,제주특별자치도 제주시 애월읍 소길리 952-2,952-2,제주특별자치도 제주시 애월읍 소길리,멍멍플레이스,376678708,http://t1.daumcdn.net/localfiy/09AE72542BB3494EA6777A46F063E326,0.0,제주시,애월읍,소길리,"['제주특별자치도', '제주시', '애월읍', '소길리']",33.416098325523606,126.37956932385957
3327,제주특별자치도 제주시 애월읍 봉성리 2907-1,2907-1,제주특별자치도 제주시 애월읍 봉성리,올레소프트,27360921,,0.0,제주시,애월읍,봉성리,"['제주특별자치도', '제주시', '애월읍', '봉성리']",33.41004171248045,126.318129450904
3143,제주특별자치도 제주시 애월읍 수산리 976,976,제주특별자치도 제주시 애월읍 수산리,콩쥐살쥐,25497397,http://t1.daumcdn.net/place/52E779A1A5DE43A9B0C83E3BAFBD4AE7,0.0,제주시,애월읍,수산리,"['제주특별자치도', '제주시', '애월읍', '수산리']",33.46782971214234,126.38788006339946
190,제주특별자치도 제주시 애월읍 유수암리 1178-1,1178-1,제주특별자치도 제주시 애월읍 유수암리,더기카페,79350750,,0.0,제주시,애월읍,유수암리,"['제주특별자치도', '제주시', '애월읍', '유수암리']",33.40574304562356,126.40808255305306
2382,제주특별자치도 제주시 애월읍 고내리 502-1,502-1,제주특별자치도 제주시 애월읍 고내리,예향,9882032,,0.0,제주시,애월읍,고내리,"['제주특별자치도', '제주시', '애월읍', '고내리']",33.46910926482093,126.34198787801917
353,제주특별자치도 제주시 애월읍 애월리 2477,2477,제주특별자치도 제주시 애월읍 애월리,썬셋클리프,611667902,http://t1.daumcdn.net/place/99EEE4C723274F2786F1A3BC2690F21F,0.0,제주시,애월읍,애월리,"['제주특별자치도', '제주시', '애월읍', '애월리']",33.46183115623703,126.3107023290234
911,제주특별자치도 제주시 애월읍 광령리 1227-2,1227-2,제주특별자치도 제주시 애월읍 광령리,윈드스톤,693016371,http://t1.daumcdn.net/place/C0D9E22A47F34999A5178882AC9ECB9B,0.0,제주시,애월읍,광령리,"['제주특별자치도', '제주시', '애월읍', '광령리']",33.46042746282802,126.43612136922546
2983,제주특별자치도 제주시 애월읍 납읍리 1503-6,1503-6,제주특별자치도 제주시 애월읍 납읍리,푸르메가살고있는곳,1804590593,http://t1.daumcdn.net/localfiy/A6A9FA434AD84D00AB6D09205B7598EB,0.0,제주시,애월읍,납읍리,"['제주특별자치도', '제주시', '애월읍', '납읍리']",33.4359250302414,126.33012577341407
885,제주특별자치도 제주시 애월읍 애월리 1584-1,1584-1,제주특별자치도 제주시 애월읍 애월리,숙이네찻집,1148988883,,0.0,제주시,애월읍,애월리,"['제주특별자치도', '제주시', '애월읍', '애월리']",33.464413006673254,126.31979087702331
2531,제주특별자치도 제주시 애월읍 하귀1리 1-1,1-1,제주특별자치도 제주시 애월읍 하귀1리,썬플라워,23385255,,0.0,제주시,애월읍,하귀1리,"['제주특별자치도', '제주시', '애월읍', '하귀1리']",33.49059909983849,126.42065920969769
862,제주특별자치도 제주시 애월읍 애월리 1834-4,1834-4,제주특별자치도 제주시 애월읍 애월리,바람이머무는곳,1032727268,http://t1.daumcdn.net/localfiy/E39A04096B2B485683B6EC90016E948C,0.0,제주시,애월읍,애월리,"['제주특별자치도', '제주시', '애월읍', '애월리']",33.46730328291387,126.3174576297804
2901,제주특별자치도 제주시 애월읍 애월리 2527-3,2527-3,제주특별자치도 제주시 애월읍 애월리,팜파네,1019578215,http://t1.daumcdn.net/localfiy/62077562D64B48968B14923E63E25390,0.0,제주시,애월읍,애월리,"['제주특별자치도', '제주시', '애월읍', '애월리']",33.46321770629906,126.30971463764284
2601,제주특별자치도 제주시 애월읍 광령리 1011-7,1011-7,제주특별자치도 제주시 애월읍 광령리,마마롱,27469103,http://t1.daumcdn.net/place/F759B11FF60E407EA9E3F7411CC3618D,0.0,제주시,애월읍,광령리,"['제주특별자치도', '제주시', '애월읍', '광령리']",33.45218641200801,126.43919486602626
1630,제주특별자치도 제주시 애월읍 신엄리 989-2,989-2,제주특별자치도 제주시 애월읍 신엄리,제주바다다,814472338,http://t1.daumcdn.net/place/76F81F908EEA4A1B8CC98047515DF05B,0.0,제주시,애월읍,신엄리,"['제주특별자치도', '제주시', '애월읍', '신엄리']",33.47802735000738,126.3668375316952
2260,제주특별자치도 제주시 애월읍 광령리 100-3,100-3,제주특별자치도 제주시 애월읍 광령리,카페그라운드,1842038586,http://t1.daumcdn.net/localfiy/F3068018F0054587A8780B635319E5CB,0.0,제주시,애월읍,광령리,"['제주특별자치도', '제주시', '애월읍', '광령리']",33.45667317300415,126.4416872108778
614,제주특별자치도 제주시 애월읍 신엄리 1607,1607,제주특별자치도 제주시 애월읍 신엄리,잇다,1357049944,,0.0,제주시,애월읍,신엄리,"['제주특별자치도', '제주시', '애월읍', '신엄리']",33.462651764759684,126.36791314498082
211,제주특별자치도 제주시 애월읍 납읍리 1021,1021,제주특별자치도 제주시 애월읍 납읍리,제주의꿈,407565533,,0.0,제주시,애월읍,납읍리,"['제주특별자치도', '제주시', '애월읍', '납읍리']",33.43730749097902,126.33639096135856
81,제주특별자치도 제주시 애월읍 유수암리 1038-8,1038-8,제주특별자치도 제주시 애월읍 유수암리,오븐의일,537355719,http://t1.daumcdn.net/localfiy/112AE0CFE9D04F2FBF9EE3C2134591DE,0.0,제주시,애월읍,유수암리,"['제주특별자치도', '제주시', '애월읍', '유수암리']",33.42426546764518,126.40581936765793
2650,제주특별자치도 제주시 애월읍 애월리 2537,2537,제주특별자치도 제주시 애월읍 애월리,모립,842886196,http://t1.daumcdn.net/place/DBF62EF0A06B43DEB89D122C52B03F4C,0.0,제주시,애월읍,애월리,"['제주특별자치도', '제주시', '애월읍', '애월리']",33.463005109579015,126.30974644169864
1585,제주특별자치도 제주시 애월읍 하가리 1400,1400,제주특별자치도 제주시 애월읍 하가리,까미노,26094495,http://t1.daumcdn.net/place/827554C11BDE4BC5BAA00C083ED2E186,0.0,제주시,애월읍,하가리,"['제주특별자치도', '제주시', '애월읍', '하가리']",33.45788432077441,126.34775194219357
784,제주특별자치도 제주시 애월읍 고성리 138,138,제주특별자치도 제주시 애월읍 고성리,웨딩카페나비인,1009227539,,0.0,제주시,애월읍,고성리,"['제주특별자치도', '제주시', '애월읍', '고성리']",33.43740649812135,126.42636830865244
2865,제주특별자치도 제주시 애월읍 하귀1리 1138-5,1138-5,제주특별자치도 제주시 애월읍 하귀1리,제주카페 스마일러커피,24370496,http://t1.daumcdn.net/place/9CD7A043D3FB4A79AC5EA088ED247FBA,0.0,제주시,애월읍,하귀1리,"['제주특별자치도', '제주시', '애월읍', '하귀1리']",33.46996603122728,126.41581356446981
1108,제주특별자치도 제주시 애월읍 하귀1리 1603-2,1603-2,제주특별자치도 제주시 애월읍 하귀1리,달콤커피 볼륨1603 제주하귀점,1461897927,http://t1.daumcdn.net/localfiy/912B84A3B22A4622AB86B8DF5B33A21B,1.0,제주시,애월읍,하귀1리,"['제주특별자치도', '제주시', '애월읍', '하귀1리']",33.48479552413814,126.40598309364142
1176,제주특별자치도 제주시 애월읍 수산리 965-1,965-1,제주특별자치도 제주시 애월읍 수산리,제주무이,24973813,http://t1.daumcdn.net/localfiy/F3528046E22347E2AEA4928B6DCDC0C7,0.0,제주시,애월읍,수산리,"['제주특별자치도', '제주시', '애월읍', '수산리']",33.46896572072608,126.3886121980401
3059,제주특별자치도 제주시 애월읍 애월리 2464-2,2464-2,제주특별자치도 제주시 애월읍 애월리,지금이순간,2058969392,http://t1.daumcdn.net/place/B97BC27217B54A7D9BCD3F000A56506D,0.0,제주시,애월읍,애월리,"['제주특별자치도', '제주시', '애월읍', '애월리']",33.460466088711534,126.3110143133586
1672,제주특별자치도 제주시 애월읍 애월리 2540,2540,제주특별자치도 제주시 애월읍 애월리,봄날,1664012464,http://t1.daumcdn.net/place/4B1A5645182547BCA01D9930D351477C,0.0,제주시,애월읍,애월리,"['제주특별자치도', '제주시', '애월읍', '애월리']",33.462516718264325,126.30947063816524
1895,제주특별자치도 제주시 애월읍 유수암리 1679-1,1679-1,제주특별자치도 제주시 애월읍 유수암리,슬로리,12505724,,0.0,제주시,애월읍,유수암리,"['제주특별자치도', '제주시', '애월읍', '유수암리']",33.43414724564346,126.4006334670965
871,제주특별자치도 제주시 애월읍 유수암리 617-1,617-1,제주특별자치도 제주시 애월읍 유수암리,비온뒤맑게갠하늘,787781146,,0.0,제주시,애월읍,유수암리,"['제주특별자치도', '제주시', '애월읍', '유수암리']",33.443627122205314,126.40410864720775
1890,제주특별자치도 제주시 애월읍 하가리 1476,1476,제주특별자치도 제주시 애월읍 하가리,하가1476,730859111,http://t1.daumcdn.net/localfiy/1293B2D09C1D42549BC7FD07471F4E78,0.0,제주시,애월읍,하가리,"['제주특별자치도', '제주시', '애월읍', '하가리']",33.45549725886464,126.34918959101746
1572,제주특별자치도 제주시 애월읍 신엄리 2806-2,2806-2,제주특별자치도 제주시 애월읍 신엄리,카페라이,836519835,,0.0,제주시,애월읍,신엄리,"['제주특별자치도', '제주시', '애월읍', '신엄리']",33.476662270269365,126.35389422708828
1777,제주특별자치도 제주시 애월읍 곽지리 1581-22,1581-22,제주특별자치도 제주시 애월읍 곽지리,곽지bar다,26884051,http://t1.daumcdn.net/place/64BD6F7BD8C9466C94A70A3A32BCB9B6,0.0,제주시,애월읍,곽지리,"['제주특별자치도', '제주시', '애월읍', '곽지리']",33.44777186356767,126.30457142755725
3208,제주특별자치도 제주시 애월읍 고내리 1159,1159,제주특별자치도 제주시 애월읍 고내리,솔트,2104119400,http://t1.daumcdn.net/localfiy/searchregister_347761093,0.0,제주시,애월읍,고내리,"['제주특별자치도', '제주시', '애월읍', '고내리']",33.46703066663538,126.33632373572551
1547,제주특별자치도 제주시 애월읍 하가리 1371,1371,제주특별자치도 제주시 애월읍 하가리,카페시바,953526560,,0.0,제주시,애월읍,하가리,"['제주특별자치도', '제주시', '애월읍', '하가리']",33.45525053525965,126.3482191058234
1915,제주특별자치도 제주시 애월읍 하귀1리 138-1,138-1,제주특별자치도 제주시 애월읍 하귀1리,리틀푸키,894217640,http://t1.daumcdn.net/localfiy/3E77245063234B18A31E94D34074F411,0.0,제주시,애월읍,하귀1리,"['제주특별자치도', '제주시', '애월읍', '하귀1리']",33.48592267974972,126.41549987249326
1816,제주특별자치도 제주시 애월읍 곽지리 1557-3,1557-3,제주특별자치도 제주시 애월읍 곽지리,팩토리스토리,26575464,http://t1.daumcdn.net/cfile/27067A3755CC866831,0.0,제주시,애월읍,곽지리,"['제주특별자치도', '제주시', '애월읍', '곽지리']",33.45439151435916,126.30750867460145
1651,제주특별자치도 제주시 애월읍 하가리 1407,1407,제주특별자치도 제주시 애월읍 하가리,꽃향유,2069872093,http://t1.daumcdn.net/place/CBF7BEA0DEF3472C851F1F40F9B66DC9,0.0,제주시,애월읍,하가리,"['제주특별자치도', '제주시', '애월읍', '하가리']",33.457107423982315,126.34746089185126
2950,제주특별자치도 제주시 애월읍 봉성리 산 23-2,산 23-2,제주특별자치도 제주시 애월읍 봉성리,효월,9534263,,0.0,제주시,애월읍,봉성리,"['제주특별자치도', '제주시', '애월읍', '봉성리']",33.347812753982616,126.38716573697391
1521,제주특별자치도 제주시 애월읍 유수암리 1041-1,1041-1,제주특별자치도 제주시 애월읍 유수암리,베베로,1224634355,http://t1.daumcdn.net/localfiy/183FC32EC17B4144A24729625BE97CAF,0.0,제주시,애월읍,유수암리,"['제주특별자치도', '제주시', '애월읍', '유수암리']",33.42349332720896,126.40423763671748
3220,제주특별자치도 제주시 애월읍 곽지리 1381,1381,제주특별자치도 제주시 애월읍 곽지리,호박다방,27221956,http://t1.daumcdn.net/place/EE71140DACE64570A5F0C62BF333DB32,0.0,제주시,애월읍,곽지리,"['제주특별자치도', '제주시', '애월읍', '곽지리']",33.45603245986354,126.3088121531693
147,제주특별자치도 제주시 애월읍 장전리 634-1,634-1,제주특별자치도 제주시 애월읍 장전리,시루애월,819891458,http://t1.daumcdn.net/localfiy/176E70BB7DD94CFDB85837E6597FFE03,0.0,제주시,애월읍,장전리,"['제주특별자치도', '제주시', '애월읍', '장전리']",33.4426118642798,126.39183845111287
2463,제주특별자치도 제주시 애월읍 유수암리 881,881,제주특별자치도 제주시 애월읍 유수암리,더정글,652038191,http://t1.daumcdn.net/cfile/221BC34E5858DD6320,0.0,제주시,애월읍,유수암리,"['제주특별자치도', '제주시', '애월읍', '유수암리']",33.43146093090824,126.40823491675675
2049,제주특별자치도 제주시 애월읍 고성리 126-7,126-7,제주특별자치도 제주시 애월읍 고성리,모아카페,742473425,,0.0,제주시,애월읍,고성리,"['제주특별자치도', '제주시', '애월읍', '고성리']",33.43445932999614,126.42698558614458
2816,제주특별자치도 제주시 애월읍 고내리 337,337,제주특별자치도 제주시 애월읍 고내리,망고앤자몽,152666632,http://t1.daumcdn.net/place/A1C55D821B2C408B9DA74B232EF7497B,0.0,제주시,애월읍,고내리,"['제주특별자치도', '제주시', '애월읍', '고내리']",33.47275063193762,126.34930592177325
2340,제주특별자치도 제주시 애월읍 곽지리 1557,1557,제주특별자치도 제주시 애월읍 곽지리,고구마카페,1391971921,,0.0,제주시,애월읍,곽지리,"['제주특별자치도', '제주시', '애월읍', '곽지리']",33.454191802268205,126.30791037335484
2729,제주특별자치도 제주시 애월읍 금성리 567,567,제주특별자치도 제주시 애월읍 금성리,미인계,2138887740,,0.0,제주시,애월읍,금성리,"['제주특별자치도', '제주시', '애월읍', '금성리']",33.446929825199014,126.29977291298582
3136,제주특별자치도 제주시 애월읍 애월리 2484-1,2484-1,제주특별자치도 제주시 애월읍 애월리,커플,23257049,http://t1.daumcdn.net/place/CF1206E7D9F846D680702C6287D6D87B,0.0,제주시,애월읍,애월리,"['제주특별자치도', '제주시', '애월읍', '애월리']",33.462371300418994,126.31185547404183
1292,제주특별자치도 제주시 애월읍 유수암리 1014,1014,제주특별자치도 제주시 애월읍 유수암리,요석원,956734211,,0.0,제주시,애월읍,유수암리,"['제주특별자치도', '제주시', '애월읍', '유수암리']",33.423655553427174,126.40799112464153
2610,제주특별자치도 제주시 애월읍 애월리 2578-5,2578-5,제주특별자치도 제주시 애월읍 애월리,레이지펌프,88307711,http://t1.daumcdn.net/localfiy/1F907122236E4CC5A99BCA9F899E1883,0.0,제주시,애월읍,애월리,"['제주특별자치도', '제주시', '애월읍', '애월리']",33.46600585510604,126.30979580488072
2430,제주특별자치도 제주시 애월읍 신엄리 2806-2,2806-2,제주특별자치도 제주시 애월읍 신엄리,금빛낙조,21502265,,0.0,제주시,애월읍,신엄리,"['제주특별자치도', '제주시', '애월읍', '신엄리']",33.476662270269365,126.35389422708828
186,제주특별자치도 제주시 애월읍 곽지리 1565-13,1565-13,제주특별자치도 제주시 애월읍 곽지리,새콤달콤 애월점,586961257,http://t1.daumcdn.net/place/D721995845C6452C8B00DEE2FA168C50,0.0,제주시,애월읍,곽지리,"['제주특별자치도', '제주시', '애월읍', '곽지리']",33.449077841953226,126.30401464834813
3073,제주특별자치도 제주시 애월읍 유수암리 1894,1894,제주특별자치도 제주시 애월읍 유수암리,카페유수공간,1536848112,http://t1.daumcdn.net/localfiy/searchregister_1980699664,0.0,제주시,애월읍,유수암리,"['제주특별자치도', '제주시', '애월읍', '유수암리']",33.44114285790272,126.4027189891276
1306,제주특별자치도 제주시 애월읍 하귀2리 2825-2,2825-2,제주특별자치도 제주시 애월읍 하귀2리,카페엉클토니스,22513555,http://t1.daumcdn.net/cfile/261FC93E5399242C14,0.0,제주시,애월읍,하귀2리,"['제주특별자치도', '제주시', '애월읍', '하귀2리']",33.48828424180287,126.38993553237175
1765,제주특별자치도 제주시 애월읍 애월리 2474-2,2474-2,제주특별자치도 제주시 애월읍 애월리,애월애카페,26938486,http://t1.daumcdn.net/place/695EAC2F12C24B18AD583A33D4A7F5E4,0.0,제주시,애월읍,애월리,"['제주특별자치도', '제주시', '애월읍', '애월리']",33.460627697206554,126.31089256240026
2451,제주특별자치도 제주시 애월읍 곽지리 1573,1573,제주특별자치도 제주시 애월읍 곽지리,투썸플레이스 제주곽지과물해변점,26849825,http://t1.daumcdn.net/place/EA69BB9A363A4A7CBA3E496EE1773C3C,1.0,제주시,애월읍,곽지리,"['제주특별자치도', '제주시', '애월읍', '곽지리']",33.44941532911623,126.30503153482488
3084,제주특별자치도 제주시 애월읍 고내리 1156,1156,제주특별자치도 제주시 애월읍 고내리,더바당카페,365122787,,0.0,제주시,애월읍,고내리,"['제주특별자치도', '제주시', '애월읍', '고내리']",33.46715925539451,126.33676595663832
627,제주특별자치도 제주시 애월읍 애월리 2533-2,2533-2,제주특별자치도 제주시 애월읍 애월리,바바,1665334776,http://t1.daumcdn.net/localfiy/7529A9F0CB874054A192F07A2E036B81,0.0,제주시,애월읍,애월리,"['제주특별자치도', '제주시', '애월읍', '애월리']",33.46259465218181,126.30986586746863
3366,제주특별자치도 제주시 애월읍 봉성리 4086,4086,제주특별자치도 제주시 애월읍 봉성리,봉성프리마,2043816287,http://t1.daumcdn.net/localfiy/7D9806D8DF714145AD7CB8438C503D37,0.0,제주시,애월읍,봉성리,"['제주특별자치도', '제주시', '애월읍', '봉성리']",33.416352853657706,126.31159941566033
1637,제주특별자치도 제주시 애월읍 하가리 960-1,960-1,제주특별자치도 제주시 애월읍 하가리,라꾸르카페펜션,712442596,,0.0,제주시,애월읍,하가리,"['제주특별자치도', '제주시', '애월읍', '하가리']",33.45832272656341,126.35157787563082
579,제주특별자치도 제주시 애월읍 금성리 567,567,제주특별자치도 제주시 애월읍 금성리,애월쌀롱,691711301,,0.0,제주시,애월읍,금성리,"['제주특별자치도', '제주시', '애월읍', '금성리']",33.446929825199014,126.29977291298582
2882,제주특별자치도 제주시 애월읍 납읍리 2274-7,2274-7,제주특별자치도 제주시 애월읍 납읍리,36.5도여름 남쪽점,1338492632,http://t1.daumcdn.net/localfiy/15A22391F00A4CA6BE225E66D28F4A43,0.0,제주시,애월읍,납읍리,"['제주특별자치도', '제주시', '애월읍', '납읍리']",33.43941320872402,126.32827941271444
3242,제주특별자치도 제주시 애월읍 고내리 340,340,제주특별자치도 제주시 애월읍 고내리,스타벅스 제주애월DT점,1693150085,http://t1.daumcdn.net/place/574D6ACCCAB0480AB14B6173FD4B78F6,1.0,제주시,애월읍,고내리,"['제주특별자치도', '제주시', '애월읍', '고내리']",33.47279800000739,126.34871172539309
2728,,,제주특별자치도 제주시 애월읍 애월리,애월카페거리,1134184953,,0.0,제주시,애월읍,애월리,"['제주특별자치도', '제주시', '애월읍', '애월리']",,
2160,제주특별자치도 제주시 애월읍 고성리 418-1,418-1,제주특별자치도 제주시 애월읍 고성리,이너프,679736866,http://t1.daumcdn.net/place/A580486B34A74FF998EAF14DF4A44585,0.0,제주시,애월읍,고성리,"['제주특별자치도', '제주시', '애월읍', '고성리']",33.45632097343864,126.41918782828047
1251,제주특별자치도 제주시 애월읍 광령리 2010-11,2010-11,제주특별자치도 제주시 애월읍 광령리,명가헌,9024564,,0.0,제주시,애월읍,광령리,"['제주특별자치도', '제주시', '애월읍', '광령리']",33.46257159114082,126.43102166454088
3297,제주특별자치도 제주시 애월읍 수산리 511,511,제주특별자치도 제주시 애월읍 수산리,볼수록제주,284916087,http://t1.daumcdn.net/localfiy/84148561D1824E8E9DE7674D5A9E2FA3,0.0,제주시,애월읍,수산리,"['제주특별자치도', '제주시', '애월읍', '수산리']",33.46824973952613,126.3933591250317
3022,제주특별자치도 제주시 애월읍 고성리 298-1,298-1,제주특별자치도 제주시 애월읍 고성리,어클락,742135928,,0.0,제주시,애월읍,고성리,"['제주특별자치도', '제주시', '애월읍', '고성리']",33.462799834559185,126.41803882148302
2720,제주특별자치도 제주시 애월읍 하귀2리 2964-9,2964-9,제주특별자치도 제주시 애월읍 하귀2리,슈슈양과샤오깡,1442265449,,0.0,제주시,애월읍,하귀2리,"['제주특별자치도', '제주시', '애월읍', '하귀2리']",33.478387232533336,126.39189414550924
60,제주특별자치도 제주시 애월읍 고내리 1158,1158,제주특별자치도 제주시 애월읍 고내리,1158족욕카페,1787101427,http://t1.daumcdn.net/place/5678ABE30B67447184E5FD2804A4A2B7,0.0,제주시,애월읍,고내리,"['제주특별자치도', '제주시', '애월읍', '고내리']",33.46711464558887,126.33651672705268
3245,제주특별자치도 제주시 애월읍 납읍리 1816-1,1816-1,제주특별자치도 제주시 애월읍 납읍리,미미슈,1668885826,http://t1.daumcdn.net/localfiy/4D9B2DFDFA104517B1DCD15D1A82CBFB,0.0,제주시,애월읍,납읍리,"['제주특별자치도', '제주시', '애월읍', '납읍리']",33.44090203633206,126.33016925649976
97,제주특별자치도 제주시 애월읍 구엄리 555-6,555-6,제주특별자치도 제주시 애월읍 구엄리,포메르,24450561,http://t1.daumcdn.net/place/5A2CCEDF0A7449CF98971604C727B513,0.0,제주시,애월읍,구엄리,"['제주특별자치도', '제주시', '애월읍', '구엄리']",33.483738245298476,126.37864421738392
2952,제주특별자치도 제주시 애월읍 장전리 385-2,385-2,제주특별자치도 제주시 애월읍 장전리,바오밥나무,255776746,http://t1.daumcdn.net/localfiy/ABB311A053EE46E38FE7E492C6F3A9FB,0.0,제주시,애월읍,장전리,"['제주특별자치도', '제주시', '애월읍', '장전리']",33.450812376129306,126.39102834491509
2754,제주특별자치도 제주시 애월읍 하귀1리 137-8,137-8,제주특별자치도 제주시 애월읍 하귀1리,차마실,26472123,,0.0,제주시,애월읍,하귀1리,"['제주특별자치도', '제주시', '애월읍', '하귀1리']",33.484635252793645,126.41550852029648
1267,제주특별자치도 제주시 애월읍 하귀2리 2675-5,2675-5,제주특별자치도 제주시 애월읍 하귀2리,지상에별두개,2145589981,http://t1.daumcdn.net/localfiy/4B8ACEA6814F4C24A7AEF70273951859,0.0,제주시,애월읍,하귀2리,"['제주특별자치도', '제주시', '애월읍', '하귀2리']",33.48357913940382,126.39385050435959
1773,제주특별자치도 제주시 애월읍 신엄리 1280-16,1280-16,제주특별자치도 제주시 애월읍 신엄리,소소한담,2076762809,http://t1.daumcdn.net/localfiy/searchregister_724853872,0.0,제주시,애월읍,신엄리,"['제주특별자치도', '제주시', '애월읍', '신엄리']",33.47151140938858,126.36697959314104
1072,제주특별자치도 제주시 애월읍 애월리 1549,1549,제주특별자치도 제주시 애월읍 애월리,제레미,1170785054,http://t1.daumcdn.net/place/EAC00E923FDC4415A1EA02230F9136AD,0.0,제주시,애월읍,애월리,"['제주특별자치도', '제주시', '애월읍', '애월리']",33.46453941708871,126.31851196194756
644,제주특별자치도 제주시 애월읍 납읍리 2282-7,2282-7,제주특별자치도 제주시 애월읍 납읍리,쉬리니케이크,1545999578,http://t1.daumcdn.net/place/B7AC929F5AEA4C50AF078F299D99923A,0.0,제주시,애월읍,납읍리,"['제주특별자치도', '제주시', '애월읍', '납읍리']",33.43849318386931,126.32820477383137
1242,제주특별자치도 제주시 애월읍 고내리 473,473,제주특별자치도 제주시 애월읍 고내리,키스더티라미수,1109621404,,0.0,제주시,애월읍,고내리,"['제주특별자치도', '제주시', '애월읍', '고내리']",33.468581144835575,126.34033091342086
1419,제주특별자치도 제주시 애월읍 하귀1리 193-3,193-3,제주특별자치도 제주시 애월읍 하귀1리,커피와도자기,1521389763,,0.0,제주시,애월읍,하귀1리,"['제주특별자치도', '제주시', '애월읍', '하귀1리']",33.48345395388289,126.41279217903934
2637,제주특별자치도 제주시 애월읍 신엄리 2860-3,2860-3,제주특별자치도 제주시 애월읍 신엄리,후아힌제주,1188891490,,0.0,제주시,애월읍,신엄리,"['제주특별자치도', '제주시', '애월읍', '신엄리']",33.47356776619678,126.35592250747547
1372,제주특별자치도 제주시 애월읍 구엄리 505,505,제주특별자치도 제주시 애월읍 구엄리,UFO카페,23690572,http://t1.daumcdn.net/place/00B0C99ECB3E47B484B988572DC56982,0.0,제주시,애월읍,구엄리,"['제주특별자치도', '제주시', '애월읍', '구엄리']",33.48551419793799,126.38185511539636
2214,제주특별자치도 제주시 애월읍 곽지리 1635,1635,제주특별자치도 제주시 애월읍 곽지리,문서프,27598301,http://t1.daumcdn.net/cfile/210E6039570F2D281F,0.0,제주시,애월읍,곽지리,"['제주특별자치도', '제주시', '애월읍', '곽지리']",33.450133618135226,126.30836851467369
2553,제주특별자치도 제주시 애월읍 구엄리 1231-1,1231-1,제주특별자치도 제주시 애월읍 구엄리,제주씨,408753711,http://t1.daumcdn.net/cfile/22380A40573544C933,0.0,제주시,애월읍,구엄리,"['제주특별자치도', '제주시', '애월읍', '구엄리']",33.48075285054074,126.3737594198458
137,제주특별자치도 제주시 애월읍 구엄리 1285-1,1285-1,제주특별자치도 제주시 애월읍 구엄리,카페소금,1450044291,http://t1.daumcdn.net/place/0CF555B7381E4CF5A7384FF8D65BAA4F,0.0,제주시,애월읍,구엄리,"['제주특별자치도', '제주시', '애월읍', '구엄리']",33.48252785787667,126.37604051636424
520,제주특별자치도 제주시 애월읍 수산리 511,511,제주특별자치도 제주시 애월읍 수산리,카페내콩가,1613854186,http://t1.daumcdn.net/place/805F9FBCDACF442B9A1C9C35716E1B82,0.0,제주시,애월읍,수산리,"['제주특별자치도', '제주시', '애월읍', '수산리']",33.46824973952613,126.3933591250317
2105,제주특별자치도 제주시 애월읍 고내리 1218-1,1218-1,제주특별자치도 제주시 애월읍 고내리,카페인디고,26874310,http://t1.daumcdn.net/place/328E03F78DC948049FA7EC268424A77E,0.0,제주시,애월읍,고내리,"['제주특별자치도', '제주시', '애월읍', '고내리']",33.46649588516268,126.33411182381292
1333,제주특별자치도 제주시 애월읍 구엄리 600-1,600-1,제주특별자치도 제주시 애월읍 구엄리,바다보는날,1099481075,http://t1.daumcdn.net/place/52B06DB92D4D469AB6523982A2A9947F,0.0,제주시,애월읍,구엄리,"['제주특별자치도', '제주시', '애월읍', '구엄리']",33.48388288344688,126.37800192391198
2758,제주특별자치도 제주시 애월읍 구엄리 1029-2,1029-2,제주특별자치도 제주시 애월읍 구엄리,카페인,1102892342,http://t1.daumcdn.net/place/AC5F913B5DA04DC8A26C0D3DAF04648C,0.0,제주시,애월읍,구엄리,"['제주특별자치도', '제주시', '애월읍', '구엄리']",33.47316280506463,126.37903814906673
2442,제주특별자치도 제주시 애월읍 유수암리 1178-1,1178-1,제주특별자치도 제주시 애월읍 유수암리,마실온다메셀프카페,19700381,,0.0,제주시,애월읍,유수암리,"['제주특별자치도', '제주시', '애월읍', '유수암리']",33.40574304562356,126.40808255305306
1586,제주특별자치도 제주시 애월읍 상귀리 152,152,제주특별자치도 제주시 애월읍 상귀리,허니블랙,1006955790,,0.0,제주시,애월읍,상귀리,"['제주특별자치도', '제주시', '애월읍', '상귀리']",33.46999438140033,126.41341655439446
1938,제주특별자치도 제주시 애월읍 고내리 474-1,474-1,제주특별자치도 제주시 애월읍 고내리,리치망고 애월본점,20290778,http://t1.daumcdn.net/place/B7D8F4C297844385ABCB97AC606B5FF6,0.0,제주시,애월읍,고내리,"['제주특별자치도', '제주시', '애월읍', '고내리']",33.468554939606385,126.34015038627008
416,제주특별자치도 제주시 애월읍 애월리 2527-3,2527-3,제주특별자치도 제주시 애월읍 애월리,돌돌,26940766,http://t1.daumcdn.net/place/6CBB53B4F8D94F5C8791E2E4F5FB2FEC,0.0,제주시,애월읍,애월리,"['제주특별자치도', '제주시', '애월읍', '애월리']",33.46321770629906,126.30971463764284
1955,제주특별자치도 제주시 애월읍 애월리 2489,2489,제주특별자치도 제주시 애월읍 애월리,투썸플레이스 제주애월한담점,939740355,http://t1.daumcdn.net/place/55CAB9EBC9C7484793C827F4900D0E66,1.0,제주시,애월읍,애월리,"['제주특별자치도', '제주시', '애월읍', '애월리']",33.46211387320992,126.31095825126586
133,제주특별자치도 제주시 애월읍 유수암리 1041-1,1041-1,제주특별자치도 제주시 애월읍 유수암리,애월청과,1073145800,,0.0,제주시,애월읍,유수암리,"['제주특별자치도', '제주시', '애월읍', '유수암리']",33.42349332720896,126.40423763671748
2981,제주특별자치도 제주시 애월읍 신엄리 963,963,제주특별자치도 제주시 애월읍 신엄리,큐티파이,992379624,,0.0,제주시,애월읍,신엄리,"['제주특별자치도', '제주시', '애월읍', '신엄리']",33.47792139040276,126.36868879237657
1649,제주특별자치도 제주시 애월읍 애월리 2464,2464,제주특별자치도 제주시 애월읍 애월리,카페 안트레,275236503,http://t1.daumcdn.net/place/68CF3F9FDC1C40EF975CA4D36D7D6C0E,0.0,제주시,애월읍,애월리,"['제주특별자치도', '제주시', '애월읍', '애월리']",33.460235197601506,126.31099892954424
2402,제주특별자치도 제주시 애월읍 고내리 983,983,제주특별자치도 제주시 애월읍 고내리,랑지다,601624191,http://t1.daumcdn.net/localfiy/ACF47264F5FD4EA2A1F0AA0BF83159E1,0.0,제주시,애월읍,고내리,"['제주특별자치도', '제주시', '애월읍', '고내리']",33.46440314245348,126.3379530031384
2717,제주특별자치도 제주시 애월읍 신엄리 764-1,764-1,제주특별자치도 제주시 애월읍 신엄리,예쁘다애월,44582262,,0.0,제주시,애월읍,신엄리,"['제주특별자치도', '제주시', '애월읍', '신엄리']",33.474555347597615,126.37554684488121
2092,제주특별자치도 제주시 애월읍 하가리 1597-1,1597-1,제주특별자치도 제주시 애월읍 하가리,카페가락,2132065667,,0.0,제주시,애월읍,하가리,"['제주특별자치도', '제주시', '애월읍', '하가리']",33.452905298832334,126.34458836777436
1757,제주특별자치도 제주시 애월읍 신엄리 2801-5,2801-5,제주특별자치도 제주시 애월읍 신엄리,플루메리아 브런치카페,1231839859,http://t1.daumcdn.net/localfiy/4945211FF24D4360960F11E6C6453410,0.0,제주시,애월읍,신엄리,"['제주특별자치도', '제주시', '애월읍', '신엄리']",33.47769911294948,126.35493657230298
3249,제주특별자치도 제주시 애월읍 소길리 155-101,155-101,제주특별자치도 제주시 애월읍 소길리,카페테리아샌드팜,27237677,,0.0,제주시,애월읍,소길리,"['제주특별자치도', '제주시', '애월읍', '소길리']",33.41218760078094,126.3931385424837
1049,제주특별자치도 제주시 애월읍 고성리 443,443,제주특별자치도 제주시 애월읍 고성리,카페브리프,276957303,http://t1.daumcdn.net/localfiy/searchregister_1749345414,0.0,제주시,애월읍,고성리,"['제주특별자치도', '제주시', '애월읍', '고성리']",33.45832746463921,126.41563778456427
199,제주특별자치도 제주시 애월읍 곽지리 1669-5,1669-5,제주특별자치도 제주시 애월읍 곽지리,쉘리비치,20330057,,0.0,제주시,애월읍,곽지리,"['제주특별자치도', '제주시', '애월읍', '곽지리']",33.448208956964784,126.30727818372378
602,제주특별자치도 제주시 애월읍 하귀1리 137-5,137-5,제주특별자치도 제주시 애월읍 하귀1리,제주보름달,2135146074,http://t1.daumcdn.net/place/C5D2F535635442D78DF82B4DC3F79D7F,0.0,제주시,애월읍,하귀1리,"['제주특별자치도', '제주시', '애월읍', '하귀1리']",33.485143529395415,126.41546206783613
3304,제주특별자치도 제주시 애월읍 애월리 2550-2,2550-2,제주특별자치도 제주시 애월읍 애월리,하이엔드제주,1157356606,http://t1.daumcdn.net/place/6BA0B94A0EEF44159F1633143EE32ED4,0.0,제주시,애월읍,애월리,"['제주특별자치도', '제주시', '애월읍', '애월리']",33.46373072926,126.30923296668406
1710,제주특별자치도 제주시 애월읍 하귀2리 2736,2736,제주특별자치도 제주시 애월읍 하귀2리,바다카페,2136787903,,0.0,제주시,애월읍,하귀2리,"['제주특별자치도', '제주시', '애월읍', '하귀2리']",33.48758003900401,126.3912058312737
1281,제주특별자치도 제주시 애월읍 신엄리 963,963,제주특별자치도 제주시 애월읍 신엄리,CUTIE PIE 카페&호텔,396403026,http://t1.daumcdn.net/place/E5AF522A250F469E8C3328452AB2FC40,0.0,제주시,애월읍,신엄리,"['제주특별자치도', '제주시', '애월읍', '신엄리']",33.47792139040276,126.36868879237657
860,제주특별자치도 제주시 애월읍 납읍리 1024-6,1024-6,제주특별자치도 제주시 애월읍 납읍리,푸르곤,1717813496,http://t1.daumcdn.net/localfiy/3F705564A45245E1BE69D903C29F5AC2,0.0,제주시,애월읍,납읍리,"['제주특별자치도', '제주시', '애월읍', '납읍리']",33.4375208558264,126.3365011750383
471,제주특별자치도 제주시 애월읍 신엄리 757-4,757-4,제주특별자치도 제주시 애월읍 신엄리,청춘다락,19392070,http://t1.daumcdn.net/place/578D843A686746089CD04D67982AC7E8,0.0,제주시,애월읍,신엄리,"['제주특별자치도', '제주시', '애월읍', '신엄리']",33.47374067283076,126.37347421402995
1256,제주특별자치도 제주시 애월읍 구엄리 600-1,600-1,제주특별자치도 제주시 애월읍 구엄리,고래아트커피,27327675,,0.0,제주시,애월읍,구엄리,"['제주특별자치도', '제주시', '애월읍', '구엄리']",33.48388288344688,126.37800192391198
624,제주특별자치도 제주시 애월읍 광령리 2471,2471,제주특별자치도 제주시 애월읍 광령리,보나바시움 애월점,835228958,,0.0,제주시,애월읍,광령리,"['제주특별자치도', '제주시', '애월읍', '광령리']",33.453071606747415,126.4332090294866
428,제주특별자치도 제주시 애월읍 신엄리 3063-1,3063-1,제주특별자치도 제주시 애월읍 신엄리,과일하다,1778985786,http://t1.daumcdn.net/localfiy/8CE88C67FF5F41968D0EB99ACB6911A2,0.0,제주시,애월읍,신엄리,"['제주특별자치도', '제주시', '애월읍', '신엄리']",33.467743153593624,126.35654649456735
63,제주특별자치도 제주시 애월읍 하귀2리 1436-5,1436-5,제주특별자치도 제주시 애월읍 하귀2리,쿠키키,437994854,http://t1.daumcdn.net/localfiy/searchregister_657448960,0.0,제주시,애월읍,하귀2리,"['제주특별자치도', '제주시', '애월읍', '하귀2리']",33.48214636201979,126.4055449860531
2973,제주특별자치도 제주시 애월읍 광령리 2535,2535,제주특별자치도 제주시 애월읍 광령리,제주관광대학교 그라찌에,27190454,,1.0,제주시,애월읍,광령리,"['제주특별자치도', '제주시', '애월읍', '광령리']",33.448576482470074,126.43444283990027
785,제주특별자치도 제주시 애월읍 곽지리 1575-4,1575-4,제주특별자치도 제주시 애월읍 곽지리,곽지스테이션,645692816,http://t1.daumcdn.net/place/BAA1BD9566A043139C452E8546A50793,0.0,제주시,애월읍,곽지리,"['제주특별자치도', '제주시', '애월읍', '곽지리']",33.449281043472155,126.30423673071179
2364,제주특별자치도 제주시 애월읍 곽지리 1575-3,1575-3,제주특별자치도 제주시 애월읍 곽지리,카페태희,25050406,http://t1.daumcdn.net/place/FF8EAD055AEC4A0F84E5409D858F2B5B,0.0,제주시,애월읍,곽지리,"['제주특별자치도', '제주시', '애월읍', '곽지리']",33.44942264994635,126.30440768137134
2027,제주특별자치도 제주시 애월읍 고내리 350,350,제주특별자치도 제주시 애월읍 고내리,하이파이브,1626813663,http://t1.daumcdn.net/place/C5EAB96D5CBF44269C873538AABBD04A,0.0,제주시,애월읍,고내리,"['제주특별자치도', '제주시', '애월읍', '고내리']",33.47259431143181,126.34838190320338
3269,제주특별자치도 제주시 애월읍 하귀1리 385-4,385-4,제주특별자치도 제주시 애월읍 하귀1리,토토네,1523413414,,0.0,제주시,애월읍,하귀1리,"['제주특별자치도', '제주시', '애월읍', '하귀1리']",33.489419474365306,126.41064293557348
493,제주특별자치도 제주시 애월읍 봉성리 3138,3138,제주특별자치도 제주시 애월읍 봉성리,영국찻집,310705633,http://t1.daumcdn.net/localfiy/7188DA3273C3488198156E4AB4F8C90C,0.0,제주시,애월읍,봉성리,"['제주특별자치도', '제주시', '애월읍', '봉성리']",33.41724323878039,126.31413395582528
1893,제주특별자치도 제주시 애월읍 애월리 1584-1,1584-1,제주특별자치도 제주시 애월읍 애월리,애파소,979973165,,0.0,제주시,애월읍,애월리,"['제주특별자치도', '제주시', '애월읍', '애월리']",33.464413006673254,126.31979087702331
2674,제주특별자치도 제주시 애월읍 하귀2리 1382,1382,제주특별자치도 제주시 애월읍 하귀2리,카페동경앤책방,315193014,http://t1.daumcdn.net/place/70A973FF65D542D7BD6EF6555793B142,0.0,제주시,애월읍,하귀2리,"['제주특별자치도', '제주시', '애월읍', '하귀2리']",33.481335261176106,126.40486194309426
1790,제주특별자치도 제주시 애월읍 상가리 산 24-7,산 24-7,제주특별자치도 제주시 애월읍 상가리,더휘게,2045474568,http://t1.daumcdn.net/localfiy/8C10A0A6C8D7462DAF5545BC41B7161B,0.0,제주시,애월읍,상가리,"['제주특별자치도', '제주시', '애월읍', '상가리']",33.42983117873223,126.35409090301435
3281,제주특별자치도 제주시 애월읍 애월리 2155-1,2155-1,제주특별자치도 제주시 애월읍 애월리,더빌레,1595124840,,0.0,제주시,애월읍,애월리,"['제주특별자치도', '제주시', '애월읍', '애월리']",33.462353215256435,126.31314641987068
121,제주특별자치도 제주시 애월읍 하귀1리 1112-4,1112-4,제주특별자치도 제주시 애월읍 하귀1리,하녹티하우스,1890673842,http://t1.daumcdn.net/localfiy/B76429DB76784C46AA8D39F7319CC2E2,0.0,제주시,애월읍,하귀1리,"['제주특별자치도', '제주시', '애월읍', '하귀1리']",33.471580859801556,126.41870736676965
949,제주특별자치도 제주시 애월읍 곽지리 1669-1,1669-1,제주특별자치도 제주시 애월읍 곽지리,몬스터살롱,24925007,http://t1.daumcdn.net/place/70AED3E76E654B33B9BA77AC2CA02C10,0.0,제주시,애월읍,곽지리,"['제주특별자치도', '제주시', '애월읍', '곽지리']",33.448277234114606,126.30723462114287
2006,제주특별자치도 제주시 애월읍 광령리 2981-1,2981-1,제주특별자치도 제주시 애월읍 광령리,그림책방&카페노란우산,1827460043,http://t1.daumcdn.net/localfiy/3FE291AE2508465FADE1DD52F08E2883,0.0,제주시,애월읍,광령리,"['제주특별자치도', '제주시', '애월읍', '광령리']",33.44606044754474,126.43076812949143
40,제주특별자치도 제주시 애월읍 광령리 1312,1312,제주특별자치도 제주시 애월읍 광령리,커피산책,1574963073,http://t1.daumcdn.net/place/99D0E3A66692477781AFA9508509681D,0.0,제주시,애월읍,광령리,"['제주특별자치도', '제주시', '애월읍', '광령리']",33.462011358778796,126.4402546149025
912,제주특별자치도 제주시 애월읍 고내리 1155,1155,제주특별자치도 제주시 애월읍 고내리,산책,21473781,http://t1.daumcdn.net/place/2A800FFF2021448095E333B2ECAD0BD6,0.0,제주시,애월읍,고내리,"['제주특별자치도', '제주시', '애월읍', '고내리']",33.46691463266358,126.33687969554316
373,제주특별자치도 제주시 애월읍 하귀1리 192-9,192-9,제주특별자치도 제주시 애월읍 하귀1리,글라스믹,1843991420,,0.0,제주시,애월읍,하귀1리,"['제주특별자치도', '제주시', '애월읍', '하귀1리']",33.48351711196967,126.41242162986588
957,제주특별자치도 제주시 애월읍 유수암리 3040,3040,제주특별자치도 제주시 애월읍 유수암리,노고록전통찻집,27510157,,0.0,제주시,애월읍,유수암리,"['제주특별자치도', '제주시', '애월읍', '유수암리']",33.42735444554915,126.39207390298598
1042,제주특별자치도 제주시 애월읍 하귀1리 385-4,385-4,제주특별자치도 제주시 애월읍 하귀1리,카페미트,2117293311,http://t1.daumcdn.net/localfiy/E87097A826BB4FF1B9A0B45F7F75E054,0.0,제주시,애월읍,하귀1리,"['제주특별자치도', '제주시', '애월읍', '하귀1리']",33.489419474365306,126.41064293557348
118,제주특별자치도 제주시 애월읍 하귀1리 156-1,156-1,제주특별자치도 제주시 애월읍 하귀1리,알라스카인제주,499698149,,0.0,제주시,애월읍,하귀1리,"['제주특별자치도', '제주시', '애월읍', '하귀1리']",33.48460987153977,126.41624464242281
3369,제주특별자치도 제주시 애월읍 하귀2리 2597-1,2597-1,제주특별자치도 제주시 애월읍 하귀2리,달빛제주,1358103055,,0.0,제주시,애월읍,하귀2리,"['제주특별자치도', '제주시', '애월읍', '하귀2리']",33.48385965896183,126.39442955891893
2203,제주특별자치도 제주시 애월읍 소길리 산 216,산 216,제주특별자치도 제주시 애월읍 소길리,이디야커피 렛츠런파크제주점,580678923,,1.0,제주시,애월읍,소길리,"['제주특별자치도', '제주시', '애월읍', '소길리']",33.407293069806286,126.39447977482821
1347,제주특별자치도 제주시 애월읍 소길리 155-101,155-101,제주특별자치도 제주시 애월읍 소길리,망고식스 프시케점,26785455,,0.0,제주시,애월읍,소길리,"['제주특별자치도', '제주시', '애월읍', '소길리']",33.41218760078094,126.3931385424837
1534,제주특별자치도 제주시 애월읍 납읍리 1726-5,1726-5,제주특별자치도 제주시 애월읍 납읍리,애월후식,2138824476,http://t1.daumcdn.net/localfiy/D6288E6BF4364D50B4CF05E83A28F47B,0.0,제주시,애월읍,납읍리,"['제주특별자치도', '제주시', '애월읍', '납읍리']",33.43905565917551,126.33018344507826
1129,제주특별자치도 제주시 애월읍 고성리 산 131,산 131,제주특별자치도 제주시 애월읍 고성리,아르크애월,915606273,,0.0,제주시,애월읍,고성리,"['제주특별자치도', '제주시', '애월읍', '고성리']",33.40806949361941,126.43761230818498
832,제주특별자치도 제주시 애월읍 하가리 297-5,297-5,제주특별자치도 제주시 애월읍 하가리,꿈꾸는고양이,27411422,http://t1.daumcdn.net/cfile/245D084E5762456523,0.0,제주시,애월읍,하가리,"['제주특별자치도', '제주시', '애월읍', '하가리']",33.466183726902,126.35765094976404
2205,제주특별자치도 제주시 애월읍 애월리 2467,2467,제주특별자치도 제주시 애월읍 애월리,카페애월로11,1540797741,http://t1.daumcdn.net/localfiy/607F43E105C84C05B5F43793BB5D694B,0.0,제주시,애월읍,애월리,"['제주특별자치도', '제주시', '애월읍', '애월리']",33.46013190937953,126.31123208519615
2445,제주특별자치도 제주시 애월읍 하귀1리 138-9,138-9,제주특별자치도 제주시 애월읍 하귀1리,하귀당구카페,928437361,,0.0,제주시,애월읍,하귀1리,"['제주특별자치도', '제주시', '애월읍', '하귀1리']",33.485084759575706,126.41600044190396
2444,제주특별자치도 제주시 애월읍 곽지리 1635,1635,제주특별자치도 제주시 애월읍 곽지리,카페인곽지리,1639202515,,0.0,제주시,애월읍,곽지리,"['제주특별자치도', '제주시', '애월읍', '곽지리']",33.450133618135226,126.30836851467369
2176,제주특별자치도 제주시 애월읍 고내리 1123-1,1123-1,제주특별자치도 제주시 애월읍 고내리,바다와자전거,1596778646,http://t1.daumcdn.net/place/AA6F59533444442291EACB2C1453EC8A,0.0,제주시,애월읍,고내리,"['제주특별자치도', '제주시', '애월읍', '고내리']",33.46669055074447,126.33813784867378
3204,제주특별자치도 제주시 애월읍 신엄리 957,957,제주특별자치도 제주시 애월읍 신엄리,비아무인카페,21528934,http://t1.daumcdn.net/place/E796846C48414405A5B79CFCABB2CA4F,0.0,제주시,애월읍,신엄리,"['제주특별자치도', '제주시', '애월읍', '신엄리']",33.47790955651791,126.36990675873871
2301,제주특별자치도 제주시 애월읍 유수암리 1041-19,1041-19,제주특별자치도 제주시 애월읍 유수암리,파랑카페,143521256,,0.0,제주시,애월읍,유수암리,"['제주특별자치도', '제주시', '애월읍', '유수암리']",33.423129982305156,126.40442505167763
1594,제주특별자치도 제주시 애월읍 하귀1리 156-10,156-10,제주특별자치도 제주시 애월읍 하귀1리,집30다시8,2130714204,,0.0,제주시,애월읍,하귀1리,"['제주특별자치도', '제주시', '애월읍', '하귀1리']",33.484001145537746,126.41716973508024
345,제주특별자치도 제주시 애월읍 소길리 650-1,650-1,제주특별자치도 제주시 애월읍 소길리,모랑모랑,27545188,http://t1.daumcdn.net/place/D8C9223F9541467AAA59EF7C92031263,0.0,제주시,애월읍,소길리,"['제주특별자치도', '제주시', '애월읍', '소길리']",33.44006081513791,126.37991500822079
2712,제주특별자치도 제주시 애월읍 신엄리 2723-5,2723-5,제주특별자치도 제주시 애월읍 신엄리,언니커피,1742276125,,0.0,제주시,애월읍,신엄리,"['제주특별자치도', '제주시', '애월읍', '신엄리']",33.47785478800014,126.36482907073002
445,제주특별자치도 제주시 애월읍 유수암리 1031-20,1031-20,제주특별자치도 제주시 애월읍 유수암리,메탈리코,418407294,http://t1.daumcdn.net/localfiy/F8C8971C8A734614A5CC3888587E4AE0,0.0,제주시,애월읍,유수암리,"['제주특별자치도', '제주시', '애월읍', '유수암리']",33.42522823790767,126.40579130416583
2089,제주특별자치도 제주시 애월읍 구엄리 545,545,제주특별자치도 제주시 애월읍 구엄리,달자카페,26303350,http://t1.daumcdn.net/place/53F90FF51D2E43F083194A0E59B0D9B1,0.0,제주시,애월읍,구엄리,"['제주특별자치도', '제주시', '애월읍', '구엄리']",33.48365736569912,126.37977668172923
1182,제주특별자치도 제주시 애월읍 고내리 415,415,제주특별자치도 제주시 애월읍 고내리,홍쓰팜,1016652171,http://t1.daumcdn.net/localfiy/5C3BCB38C3794ACD92BDFE3A0CC69C3A,0.0,제주시,애월읍,고내리,"['제주특별자치도', '제주시', '애월읍', '고내리']",33.471523464417615,126.34432344960119
3058,제주특별자치도 제주시 애월읍 하귀1리 1612,1612,제주특별자치도 제주시 애월읍 하귀1리,씨사이드,798656427,http://t1.daumcdn.net/place/FF0BB3EF1DAD4D40AE72BC3C17C9EA60,0.0,제주시,애월읍,하귀1리,"['제주특별자치도', '제주시', '애월읍', '하귀1리']",33.48504130172369,126.40760395951565
2022,제주특별자치도 제주시 애월읍 광령리 1112-2,1112-2,제주특별자치도 제주시 애월읍 광령리,애월맛차,41541163,,0.0,제주시,애월읍,광령리,"['제주특별자치도', '제주시', '애월읍', '광령리']",33.4579294884064,126.43798331196115
2218,제주특별자치도 제주시 애월읍 애월리 2467,2467,제주특별자치도 제주시 애월읍 애월리,제주담다,572717031,http://t1.daumcdn.net/place/DF415D9CB59E4B45A96D87A1B509CC0D,0.0,제주시,애월읍,애월리,"['제주특별자치도', '제주시', '애월읍', '애월리']",33.46013190937953,126.31123208519615
2931,제주특별자치도 제주시 애월읍 고내리 1158,1158,제주특별자치도 제주시 애월읍 고내리,눈꽃여신,34637952,,0.0,제주시,애월읍,고내리,"['제주특별자치도', '제주시', '애월읍', '고내리']",33.46711464558887,126.33651672705268
1278,제주특별자치도 제주시 애월읍 하귀2리 2724-9,2724-9,제주특별자치도 제주시 애월읍 하귀2리,종이시계,16729584,http://t1.daumcdn.net/place/CDE7662FB2DA48218EC4771E12E362AD,0.0,제주시,애월읍,하귀2리,"['제주특별자치도', '제주시', '애월읍', '하귀2리']",33.485336110203285,126.39178103025478
2079,제주특별자치도 제주시 애월읍 구엄리 600,600,제주특별자치도 제주시 애월읍 구엄리,AM11,682897228,,0.0,제주시,애월읍,구엄리,"['제주특별자치도', '제주시', '애월읍', '구엄리']",33.48397582412155,126.37783771642515
3056,제주특별자치도 제주시 애월읍 하귀2리 2964-9,2964-9,제주특별자치도 제주시 애월읍 하귀2리,애월에홀리다,547787267,,0.0,제주시,애월읍,하귀2리,"['제주특별자치도', '제주시', '애월읍', '하귀2리']",33.478387232533336,126.39189414550924
2141,제주특별자치도 제주시 애월읍 하귀1리 1-1,1-1,제주특별자치도 제주시 애월읍 하귀1리,썬라이브,14612399,,0.0,제주시,애월읍,하귀1리,"['제주특별자치도', '제주시', '애월읍', '하귀1리']",33.49059909983849,126.42065920969769
1190,제주특별자치도 제주시 애월읍 광령리 2611-1,2611-1,제주특별자치도 제주시 애월읍 광령리,공산명월,1685946722,http://t1.daumcdn.net/localfiy/C64CED5E63D44F5F9DCC8714C9E12D8B,0.0,제주시,애월읍,광령리,"['제주특별자치도', '제주시', '애월읍', '광령리']",33.44719669846831,126.4331827146012
2191,제주특별자치도 제주시 애월읍 애월리 2546,2546,제주특별자치도 제주시 애월읍 애월리,몽상드애월,27114938,http://t1.daumcdn.net/place/17F441E604E04DF487D37F5754858A92,0.0,제주시,애월읍,애월리,"['제주특별자치도', '제주시', '애월읍', '애월리']",33.46331678612183,126.30937393718573
582,제주특별자치도 제주시 애월읍 봉성리 4554,4554,제주특별자치도 제주시 애월읍 봉성리,새빌,2113185266,http://t1.daumcdn.net/place/FC8F731ED68745129B27E2761D7DF66C,0.0,제주시,애월읍,봉성리,"['제주특별자치도', '제주시', '애월읍', '봉성리']",33.3630629617417,126.36395385929471
