,cafe_id,cafe,user_id,message,point,likeCnt,date
0,2135146074,제주보름달,1017686,"레몬에이드마시고 반했어요 ㅜㅜ 
맛보기청?이란것도 있어서 저렴하길래 택배로 잔뜩 주문했어요~
친절하고 맛도좋고 담에 제주도 오면 또 방문할게요",5,0,2019.08.22.
1,2135146074,제주보름달,1016361,2천원짜리 맛보기청 있길래 종류별로 사와서 집에서 타먹으니 너무 좋아요. ,5,0,2019.08.22.
2,2135146074,제주보름달,941373,"아무리 수제라도 가격이 진짐 넘 비쌈 내 기억에 에이드가 7000원이였던거 같아요
",2,0,2019.07.28.
3,24955378,커피별바다잔,1251427,응,5,,2018.08.24.
4,460384368,보래드베이커스,1286453,,4,0,2019.11.28.
5,460384368,보래드베이커스,1278438,카페 디져트도 너무 맛있고 뷰도 너무 이뻐요ㅠ̑̈ㅠ̑̈!! 맨날 오고 싶어요 친구들이랑 또 올께요!!,5,0,2019.11.26.
6,460384368,보래드베이커스,1276469,청귤에이드가 너무 맛있네요~빵들도 에이드랑 먹으니 너무 맛있고 날씨가 좋으니 풍경도 멋져요~,5,0,2019.11.25.
7,460384368,보래드베이커스,1274657,주변경치보면서 지인들과 잘놀다가 갑니다~ 여기오면 빵 엄청 먹고 가는데 커피랑 잘 어울리는 거 같아요,5,0,2019.11.25.
8,460384368,보래드베이커스,1274543,사진찍고 주변에 뷰 보기에 편했어요 빵도 잘 먹었고요,3,0,2019.11.24.
9,460384368,보래드베이커스,1274540,여친과 여행다녀오면서 갔던 곳이였는데 빵 맛있었고 여친이 사진도 잘나온다고 하여 기뻐하는 모습을 볼 수 있었던곳 ㅋㅋ 주변 풍경과도 잘 어울리더라구여~,5,0,2019.11.24.
10,460384368,보래드베이커스,1270304,평소 빵순인데 ㅋㅋ 빵 맛있게 잘먹고 수다도 잘떨고가요,4,0,2019.11.23.
11,460384368,보래드베이커스,1270300,"카페 이쁘고 사진도 잘나오고
친구랑 수다 잘 떨 수 있어서 좋았어요 ㅎㅎ",3,0,2019.11.23.
12,460384368,보래드베이커스,1231919,삼청동 브래드베아커스미스 분점인줄;;;;맛너무 없어요 딱 인스타용,1,0,2019.11.09.
13,460384368,보래드베이커스,1209597,까페가 이쁘고 전망 좋아요 ㅎㅎ,5,0,2019.10.31.
14,460384368,보래드베이커스,1208672,"띠꺼운 직원...다시는 안가야지ㅎㅎ
호텔에 묵는거 아니면 굳이 찾아갈 정도도 아니예요.
그냥 흔한 카페 1",1,0,2019.10.31.
15,460384368,보래드베이커스,1149317,인스타용 ,1,0,2019.10.10.
16,460384368,보래드베이커스,1050101,"오왕 6.27일에 평가하신 밑에분들 다들
자자헤어 둔산점ㅋㅋㅋ이랑 다 똑같은곳 평가하셨네여...
딱봐도 광고..오늘 갔다온 솔직후기론 바다 너무 멀고 오른쪽에만 보여서 뷰 별로고 빵은 그냥 ...사진찍기용 인 것 같아요,,,
의자가 너무 딱딱해요 ㅠ 
굳이 찾아갈 정돈 아니고 지나가다 있음 들릴정도긴 한데,
이 주변에 아무것도 없어서 제주와서 여길 굳이?! 이런느낌,, 그냥 무난한 카페에요,,
근처카페찾는다면 여섯번의 보름 로터리과자점 등등 있고 중문쪽에 무채색카페 이정의댁 이정도는 괜찮았어요
광고에 속으실까 그냥 솔직한 후기 남기고갑니다.",2,4,2019.09.01.
17,460384368,보래드베이커스,985461,"훌륭한 재료, 간결하고 깨끗한 인테리어, 직원들의 친절도

보기드문 관광지 제주도의 카페네요 (게다가 핫함)
주차도 편하고 다 좋았습니다. 다만 서귀포 살짝 외곽에 있어서 아쉽지만 그래도 충분히 좋은 장소입니다.",5,1,2019.08.12.
18,460384368,보래드베이커스,913791,빵 케이크는 인스타용.. 인테리어와 뷰는 좋음 ,2,0,2019.07.17.
19,460384368,보래드베이커스,873464,"밤에 가서 커피를 마실려니 잠이 안올것같고 해서 맥주에 스콘 하나 했어요. 플레이트 사진 찍는다구 생각하고선 안찍었는지 사진이 없어서 아쉽..... ㅠ 창문을 통해서 바깥을 보고 싶었는데 꽤나 어둑한지 잘 안보여서 바깥에서 마셨어요, 바다 냄새도 살짝 나고~ 낮에 왔으면 더 좋았겟다 싶어요! 참, 맥주나 스콘이나 둘 다 정말 맛있엇어요.  빵알못이라 빵은 그냥 맛있엇구, 특히 맥주는 생맥이 캔맥보다 싸길래 생맥으로 했는데 시원하고 향도 깊어서 좋았어요~",4,1,2019.07.05.
20,460384368,보래드베이커스,819565,깔끔,4,0,2019.06.27.
21,460384368,보래드베이커스,846698,"바다주위를 걷다가 방문하게 되었는데 분위기도 좋고, 풍경도 좋아서 커피먹으면서 오랫동안 편히 수다떨었어요.",5,1,2019.06.27.
22,460384368,보래드베이커스,846212,분위기가 괜찮아서 들어갔다가 맛있는빵이랑 커피 먹고 와여~ 좋아요,5,0,2019.06.27.
23,460384368,보래드베이커스,846056,가게 디자인이 너무 이쁘고 주변 경치도 좋네요~!빵도 맛있게 잘먹었어요!,5,0,2019.06.27.
24,460384368,보래드베이커스,845993,"바로 앞이 바다여서  경치도 너무 좋고 친구들이랑 인생샷 남기고갑니다 너무 이뻐요!
빵도 음료도 맛있습니다!",5,0,2019.06.27.
25,460384368,보래드베이커스,845890,경치 좋은 곳을 찾다가 발견했는데 바로 앞에 바다가 있어서 너무 이뻤고 빵들도 너무 맛있네요ㅠㅠ,5,0,2019.06.27.
26,460384368,보래드베이커스,845844,"경치도좋고 정말 맛있는 빵집이에요 ㅎㅎ 
다음에또오고싶네요",5,0,2019.06.27.
27,460384368,보래드베이커스,844335,존맛,5,0,2019.06.26.
28,460384368,보래드베이커스,844186,"새로생갸서 깔끔
빵돌이라면 꼭가봐여할 집
",5,2,2019.06.26.
29,460384368,보래드베이커스,838248,정말 맛있어요,5,1,2019.06.24.
30,2083166873,바다위에코끼리,1082773,"당근케이크로 유명하다지만 크림이 녹은 듯 하여 그다지 맛있지 않았어요, 비양도가 보이는 자리에 앉았는데 창틀 때문에 시야가 트이지 않고 답답한 느낌이 들었어요. 알바분이 친철해요 ",4,0,2019.09.15.
31,2083166873,바다위에코끼리,975966,오픈 시간 전에 갔는데 불친절해서 바로 나왔어요. 오픈 시간 모르고 좀 일찍 도착한 손님한테 기다릴거면 기다리고 말라면 말아라라는 식은 좀 아니지 않나요;;;,1,0,2019.08.08.
32,2083166873,바다위에코끼리,786001,"경치도, 인테리어도, 음식 맛도 모두 꽝... 당근케이크는 몇일 된 건지 크림이 굳어 딱닥한 느낌...",1,0,2019.06.09.
33,2083166873,바다위에코끼리,695437,사랑하는비양도,5,0,2018.10.17.
34,2083166873,바다위에코끼리,198375,조용해서 좋았어요 당근케이크맛잇오요,5,0,2018.08.09.
35,2083166873,바다위에코끼리,654983,,4,0,2018.06.21.
36,2083166873,바다위에코끼리,82003,"커피는 맛있어요  
하지만 직원분들이 친절하다고 느끼지 못했고 무엇보다! 화장실근처 자리에서는 화장실 냄새나요",3,0,2018.04.01.
37,2083166873,바다위에코끼리,92210,"직원분들이 조금 산만하심...
외관이 정말좋아요.",4,0,2018.03.25.
38,2083166873,바다위에코끼리,48849,,5,1,2018.01.05.
39,2083166873,바다위에코끼리,35958,전망이 너무 좋고 당근 케이크가 진짜 맛있어요 추천합니다,5,1,2017.12.09.
40,2083166873,바다위에코끼리,1242830,당근케익은 맛나지만 커피랑 애플망고에이드는 별로임. ,3,,2018.10.14.
41,2083166873,바다위에코끼리,1060387,,5,,2018.01.11.
42,2083166873,바다위에코끼리,1142595,조아요..ㅎ ㅎ,4,,2017.08.14.
43,970199448,카페헬로,1245571,여럿이 각자 음식을 시켜 먹었는데 전부 맛있고 카페도 넓고 서비스도 좋았어요!!,5,0,2019.11.14.
44,970199448,카페헬로,1190964,,4,0,2019.10.25.
45,970199448,카페헬로,1189495,솔직히 기대안하고 펜션 체크인시간 남아서 시간도 떼울겸 왔는데 너무맛있어서 놀랬음. 추천!,5,0,2019.10.24.
46,970199448,카페헬로,467818,,5,0,2019.03.27.
47,970199448,카페헬로,265991,"아이와 함께하기 최적의 장소임. 아이식기 수저 가위등등을 말안해도 세팅해주신다. 
흑돼지 돈가스는 두두려 편돈가스가 아님에도 씹히지 않을만큼 부드럽고 쌀국수 또한 맛이 서울의 유명음식점에 뒤지지 않는거 같다. 다만 영업시간이 9-18:30까지로 일찍 문을 닫으니 여섯시까지는 가야 한다",5,0,2018.10.15.
48,877966090,구씨커피로스터스,1250980,"에그타르트 너무맛있어요ㅠㅠㅠ
마카오에서 먹었던 맛이라고 친구가 극찬",5,0,2019.11.16.
49,877966090,구씨커피로스터스,1229720,"인생 아이스바닐라라떼♡를 맛보았네요!!!
부드러운 맛에 반해 제주도 있는 10일동안 매일 마셨습니다^^
",5,0,2019.11.08.
50,877966090,구씨커피로스터스,1209133,이번 제주여행중 마셔본 커피중 가장 좋았어요,5,0,2019.10.31.
51,877966090,구씨커피로스터스,1110570,버스하나 보내고 간 보람이 없네요,1,0,2019.09.26.
52,15534972,커피예가,526915,최고에요!,5,,2012.08.18.
53,1944057938,cafe꿀곰 제주시청점,1740250,점주님이 정말 친절하시고 커피도 시청근처에선 따라올 때가 없네요. 강추합니다.,5,,2017.03.20.
54,1879356852,다프네,556699,"딸기빙수 맛있어요&gt;&lt; !!! 
바닐라라떼 추천
그리고 보너스 여기너무친절해요♡♡♡♡",5,1,2019.05.14.
55,22400644,먹쿠슬낭여행자카페,1274152,"애플망고빙수
비싸지만
정말맛있어요 최고",5,0,2019.11.24.
56,22400644,먹쿠슬낭여행자카페,93633,,5,0,2018.03.28.
57,22400644,먹쿠슬낭여행자카페,1036558,천리향 주스 맛나네요^^,3,,2018.11.11.
58,22400644,먹쿠슬낭여행자카페,1963481,애플망고빙수 맛있어요. 특산품 과자같은것도 낱개로 살 수 있고요. 의자도 편하고 책도 비치되어있어 좋아요. ,5,,2018.08.06.
59,22400644,먹쿠슬낭여행자카페,1763596,,5,,2017.05.02.
60,22400644,먹쿠슬낭여행자카페,1751920,대만이나 다른곳에서 먹었던 망고 빙수보다 맛있어서 제주 갈때마다 먹어요 ㅎㅎ ,5,,2017.04.09.
61,1006322797,카페쿠이,941328,브런치 살짝 비싸지만 맛있고 분위기 좋고 조용해요,4,0,2019.07.28.
62,440194716,순아,1218214,"커피도 맛있고 디저트도 맛있었어요
사장님도 친절하시고 분위기도 아늑하고 편안합니다.",5,0,2019.11.03.
63,440194716,순아,946253,친절하고 옛스러운곳,4,0,2019.07.29.
64,440194716,순아,909553,"사장님도 친절하고 무척 조용하고 아늑합니다. 카페 안에 라디오 소리와 빗소리가 가득하여 참 운치있었습니다. 카페의 배경이 되는 순아할머니의 이야기를 읽어볼 수 있습니다. 2층에 올라가면 약 100년된 가옥의 풍취를 제대로 볼 수 있습니다. 일본식 가옥 그대로 보존하였는데, 디자인도 역사적으로 의미가 대단하지만 특유의 오래된 나무향기가 정말 인상적입니다.",5,0,2019.07.16.
65,440194716,순아,744208,백년된 일본 적산가옥에서 마시는 에스프레소,4,0,2018.08.10.
66,440194716,순아,41596,"공간 의미가 있고
커피가 괜찮습니다

혼자서 조용히 사색하기 좋은곳
",5,0,2017.12.20.
67,440194716,순아,1085596,,3,,2018.02.23.
68,440194716,순아,908448,"카페가 특이해서 가봤어요.
일본식 목조건물이고 내부인테리어도 그런 느낌을 살려서 잘 하신 것 같아요. 

다만 계단이 조금 가파르다는 점과 화장실 문이 애매하다는...
그것 말고는 한번쯤 들릴만한 카페인 것 같아요!",3,,2017.10.31.
69,69054137,제주설심당 삼해인점,1237784,호텔에서 묵으니 10퍼센트 할인도되고 쾌적하고 좋네요,5,0,2019.11.11.
70,69054137,제주설심당 삼해인점,205000,용담점만 가다가 집근처에 설심당 생겨서 너무 좋아용ㅋㅋ 빙수 매일 시켜먹어야 겠어요^^,5,0,2018.08.15.
71,69054137,제주설심당 삼해인점,709136,"커피가 은근 맛있고, 호텔 로비에서 시원하게 죽치기 좋음
쾌적하다",3,,2018.08.26.
72,614271019,파스쿠찌 제주유수암점,33863,,5,0,2017.12.03.
73,1665334776,바바,1010251,"숙소근처길래
배고파서 리뷰도 안보고갔다가
배고플때보다 더 짜증나서 리뷰 적습니당~

돈까스랑 필라프하나 시켰는데
가격레알ㅋ

그래도 맛있으면 좋지~ 하고 먹었는데
회사앞에 7000원짜리 돈까스보다
맛없음 

눅눅하고(진짜눅눅 전자랜지쓰나싶을정도로 눅눅),
소스도 아끼시고, 피클도 아끼시고, 밥도아끼고ㅎㅅㅎ
절약정신이 아주 뛰어난 집이에요^^
그래놓고 16000원^^

여행와서 이렇게 기분나빠기도 처음^^
리뷰도 안남기는데 이렇게 남겨여^^

인스타 허세짤 남기고싶으신 분들
추천드립니다!!

음식사진도 안에 리모델링도 이뻐요
그냥 사진찍고 음식은 입장료라고 생각하면 차라리 마음이 편할꺼같습니다!",1,1,2019.08.19.
74,1665334776,바바,785794,"왜 내 작년 후기와 다른 평점 낮은 후기들이 없어진거지??
커피는 그럭저럭
청포도쥬스에 청포도는 한 다섯알 들어갔나? 색도 맹하고 맛없었다. 그리고 젤리 같은게 씹히고 보여서 이상했다.
그냥 청포도향 얼음쥬스...!!

그래서 엄마께서 여사장에게 맛이 덜하니 더 달게라도 해달랬는데 찌그러진 낯짝으로 비꼬는 추임새를 취하며 테이블로 돌아오는 엄마를 쳐다보면서 알바생과 대화를 나누더라. 알바생과 내가 눈이 마주쳤다. 얼굴 기억함
여사장 인성 무엇? 
우리가 왜 이딴걸 파냐고 따지지 않았잖아?
6천원 넘는 포도 다섯알 주스에 시럽 더 달라고 하면 안 돼나?
그런 메뉴얼의 음료를 파는가?
어디 그딴식의 응대를...?
",1,1,2019.06.09.
75,1665334776,바바,771344,루프탑의 해먹이나 의자도 좋고 뷰도 좋고 커피도 맛있고 특히 크림치즈 젤라또가 진짜 맛있어요. 영업시간도 늦게까지 해서 굳굳,5,0,2019.06.05.
76,1665334776,바바,701785,해먹,5,0,2019.05.30.
77,1665334776,바바,306518,"딱새우버거 맛있습니다.
3층 루프탑에서
 바다를 보며 그네  탈 수 있어서 좋아요^^
전망좋고 잼있는 카페에요^^",4,0,2018.11.24.
78,1665334776,바바,217556,야경이 너무 조아요,5,0,2018.08.27.
79,1665334776,바바,208323,3층 테라스 진짜 미툑다.. 여자친구데리고 오세요 환장합니다 커피에 사진도담읈 있어요 ㅠㅠ빙수도 JMT,5,0,2018.08.18.
80,1665334776,바바,1185086,"여페 카페 갔다 오는길에
베이커리 라고 써있길래
밤에 먹을 빵이나 사갈까 하고 왔는데
케이크 였음...
딸래미가 졸라서 
다시 케이크와 아이스크림 사먹음 ㅜㅜ
나는 둘다 맛없었음.
하지만 딸래미는 엄청 좋아함...
디자인은 멋짐 
사진 잘나옴
",3,0,2018.05.14.
81,1665334776,바바,47025,"뷰도 몽상드 애월보다 좋고 조금 더 한적한 기분이라 좋다.
바다가 근데 눈부시다",5,0,2018.01.01.
82,1665334776,바바,274934,,3,,2018.09.30.
83,1665334776,바바,2025785,뷰가 좋네요~잘쉬고가요 힐링하고 버거도 맛있었어요 ~ㅎ,5,,2019.01.03.
84,1665334776,바바,1975383,딱새우버거 루프탑 뷰 에메랄드빛 바다 드론,5,,2018.09.03.
85,24812556,해즈빈 우도점,1150634,,4,,2017.10.09.
86,547771585,봄봄,1219922,,5,0,2019.11.04.
87,547771585,봄봄,508866,가성비가 쥑여줍니다,5,0,2019.04.19.
88,547771585,봄봄,1166268,,4,,2017.10.03.
89,547771585,봄봄,1088216,,5,,2017.09.01.
90,547771585,봄봄,1063578,,5,,2017.04.30.
91,386345472,제주설심당 도남점,1007117,"도남점 방침이 2인당 1빙수가 기준이라고합니다.

후식으로 빙수드시러 가시는분들은 참고하세요.",2,0,2019.08.18.
92,386345472,제주설심당 도남점,938442,"메뉴가 쓸데 없이 많음.
본점 팥빙수 좋아해서 왔는데 실망이네요
팥빙수 맛있고 다른 메뉴는 별로 예요 ",2,1,2019.07.26.
93,386345472,제주설심당 도남점,815444,,3,0,2018.01.28.
94,386345472,제주설심당 도남점,582530,,3,,2017.07.27.
95,386345472,제주설심당 도남점,1057736,,1,,2017.07.19.
96,386345472,제주설심당 도남점,1702761,"가격대비 양도 많고 맛도 좋고 진짜 좋아요!
우리 집 앞에 있었으면 좋겠다",5,,2017.01.11.
97,386345472,제주설심당 도남점,1688390,밀크팥빙수를 먹었는데 팥도 많이주시고 도넛이랑 먹었는데 정말 맛있었어요!,5,,2016.12.18.
98,386345472,제주설심당 도남점,1687969,직원도 친절하고 인절미빙수랑 호떡 먹었는데 너무 맛있었어요!! 또가고싶어요ㅠㅠ,5,,2016.12.17.
99,386345472,제주설심당 도남점,1657538,엄마 따라 같이 갔는데 ㅋㅌㅋㅌ 진짜 맛없다 ㅡㅡ,1,,2016.10.23.
100,386345472,제주설심당 도남점,1640720,"친구들과 주변 커피숍 검색하다 평점보다 황당함 덧글이 다 10점? 와~글케 좋은가 해서 우르르 몰려 갔드니 걍 평범해요 그림은 주제없이 걸어논 느낌. 탁자, 에어컨 이런게 다 새거라 그런지 깨끗해서 좋긴 했어요",3,,2016.09.22.
101,386345472,제주설심당 도남점,1637082,"직원들 서비스도 좋고 분위기도 괜찮더라고요. 포장해와서 집에서 먹었는데 맛있었어요.
주변 사람들에게 추천해주고 싶어요.",5,,2016.09.16.
102,386345472,제주설심당 도남점,1637073,기본적으로 빙수와 디저트가 맛있었고 카페안이 너무깨끗했고 전시되있는 그림들이 이뻐서 눈도 즐거웠어요^^ 자주 들리게 될 카페 중 하나가 될 것 같아요,5,,2016.09.16.
103,386345472,제주설심당 도남점,1637066,간식도맛있고 빙수도맛있었는데 가격도저렴해서 아주 좋았어요 또 가고싶네요~!! 메뉴도 다양하던데 다음에는 다른것도 먹어봐야겠어요,5,,2016.09.16.
104,386345472,제주설심당 도남점,1636202,"설심당 브랜드 믿고 친구들과 빙수 먹으러 갔다가 .. 음, 맛은 용담점이 훨~ 낫은것 같아여 빙수나 호떡에 뿌려진 콩가루가 여기가 더 고소하긴한데 나머진 그닥;;, 개인차이가 있는거니까요 글고 리뷰 넘웃겨요ㅋ",2,,2016.09.13.
105,386345472,제주설심당 도남점,1635414,커피콩빵 요즘 다른데도 많이 하던데 솔직히 차이점을 모르겠어요 그리고 기다리면서 걸린 그림 구경하는건 좋던데 직원들끼리 하는 말이 귀에 거슬릴정도라 중간에 포장해달래서 집에서 편히 먹었습니다 다신안가요,1,,2016.09.12.
106,386345472,제주설심당 도남점,1630296,너무 맛있게 먹구 왔어용 ㅎㅎㅎㅎ제주도 놀러갔다가 우연히 들렀는데분위기도 좋구ㅎㅎ 사진잔뜩 찍었다는다음에 제주도오면 또 설심당 갈려구요 ㅋㅋ,5,,2016.09.06.
107,386345472,제주설심당 도남점,1629194,카페 전체적인 분위기가 고풍스러워서 좋아요. 그림들도 걸려있고 화분도 있어서 전 마음에 쏙 들었어요. 물론 커피랑 디저트들도 맛있구요. 지금까지 가본 카페들 중에는 단연 최고가 아닌가 생각합니다.,5,,2016.09.05.
108,386345472,제주설심당 도남점,1624461,디저트카페라서 빙수먹으러 갔는데 날씨가 제법 쌀쌀해져서 커피도 시켰더니 커피가 완전~~ 깊고 풍미있는 맛이었어요. 매장에 그림도 많이 걸려있어서 갤러리 느낌도 나면서 색다르네요~ 집 근처라 자주 올 것 같아요! 용담점보다는 훨씬 조용하고 좋네요~,5,,2016.08.28.
109,386345472,제주설심당 도남점,1622656,제주도 여행갔을때 들렀는데 진짜 괜찮아요!! 디저트카페다보니 확실히 맛난 간식들도 많구~~커피한잔에 디저트 주문해서 멋진 제주도풍경 바라보며 티타임을 갖는다니 생각만해도 설레고 힐링되지 않나요^^,5,,2016.08.25.
110,386345472,제주설심당 도남점,1620913,도남점 근처에서 일하고 있어서 점심 때나 퇴근하고 나서 자주 갑니다 우리 팀원들 모두 좋아하는 설심당! 좋아요!!,5,,2016.08.23.
111,386345472,제주설심당 도남점,1617274,"여행때 너무 더워서 들렸는데시원한 빙수 하나 먹고왔어요
 단거 별로 안좋아는 편인데 맛이 고소하고 적당히 달았던 것 기억하네요",5,,2016.08.17.
112,386345472,제주설심당 도남점,1609157,"리뷰는 모두 한 사람글 업체 홍보해주는데 올렸네 평점은 서울 유명 맛집도 아닌데 올린 날짜들 봐라 ㅋㅋ 호떡은 덜 익고 커피콩빵은 너무 달달 빙수는 안에 얼음가득 진짜 돈 아까움 별점,리뷰 테러에 당함 ㅠㅠ",1,,2016.08.05.
113,386345472,제주설심당 도남점,1586577,아이스크림 좋아하면 설심당~ 과일 좋아하면 요거트베리 빙수 추천~^^!,5,,2016.07.02.
114,386345472,제주설심당 도남점,1586572,녹차빙수 넘 맛나요~^^커피랑 커피콩빵같이 먹는데 입안에서 커피향이 솔솔~ 기분좋아용~^^!,5,,2016.07.02.
115,386345472,제주설심당 도남점,1586570,빙수 이가격에 양이나 맛이나 정말괜찮았어요 메뉴도 다양하더라구요 특히 녹차호떡 엄청맛있네요 내부도 깔끔하고 인테리어도 이뻤어요 애기들이랑와도 다 맛있게먹고갈수 있어서 좋네요~무엇보다 맛있어요 ,5,,2016.07.02.
116,386345472,제주설심당 도남점,1577986,비도 오고 기분도 꿀꿀해서...단게 땡기네요.그래서 청사근처 도남점 설심당 다녀왔네요. 요거트베리빙수랑 호떡 맛나요~~~특히 가격이 착해서 자꾸 찾게 될거에요!!!^^,5,,2016.06.20.
117,386345472,제주설심당 도남점,1577977,"와~~ 설심당 요거트베리빙수 정말 맛있네요 특히 설심당 빙수는 우유맛이 진해서
한입먹으면 자꾸 손이가서 끊을 수 없어요 처음 가시는 분은 요거트베리 빙수 강추!!
커피는 프렌차이즈 매장에서는 경험할 수 없는 산미가 느껴지는 깊은 맛이 나서
돈 아깝다는 생각 안들어요 드립커피 부럽지 않아요",5,,2016.06.20.
118,386345472,제주설심당 도남점,1577454,본점 가려다 집근처에 생겨서 가봤다 커피콩빵은 커피맛 조금 나는 그냥 빵 인절미 빙수는 아이스크림 없이는 심심하고 커피는 매니아만 먹는건지 쓰다 호떡은 기름이 넘 많다 한가할때 주문했는데 첫 메뉴가 15분,1,,2016.06.19.
119,386345472,제주설심당 도남점,1576403,직원들이 너무 친절해요 .. 커피콩빵이랑 !! 빙수도 굉장히 맛있어요 ! 특이하게 매장이 갤러리느낌도 나고 분위기도 좋았어요 !,5,,2016.06.17.
120,386345472,제주설심당 도남점,1576310,빙수가 정말 맛있었구요~ 전시되어있는 그림들이 너무예뻤어요분위기도좋고 집근처라서 자주와야겠어요~~~,5,,2016.06.17.
121,386345472,제주설심당 도남점,1576226,여기 아메리카노 진하고 고소하니 맛있어요 ㅋㅋ 다른건 모방할수 있어도 커피만큼은 모방할수 없는 맛이에요 ㅋㅋ 커피 매니아님들께 추천해 드려요 ㅋ,5,,2016.06.17.
122,386345472,제주설심당 도남점,1576127,제가 한라봉을 좋아하는데 설심당 도남점에서 한라봉쥬스를 마셨는데 세상에 이런맛이 있었네요 담에 또 가서 마실래요!! 카페 분위기도 너무 좋고 강추 강추,5,,2016.06.17.
123,386345472,제주설심당 도남점,1576109,친구가 커피가맛있다고 소개해줘서 가봤는데 커피랑 커피콩빵맛이  짱 맛있어요^^ ,5,,2016.06.17.
124,386345472,제주설심당 도남점,1575709,설심당..너무 좋습니다.. 첨에 전시되있던 꽃들이 조화인줄알고 만졌는데..그이쁜 꽃들이 생화라는게...물어보니..직접 농원도 하신다고... 너무 좋으시겠어요 ㅎㅎ,5,,2016.06.16.
125,386345472,제주설심당 도남점,1575706,설빙은 가봤어도 설심당은 가보지 않았는데....의외로 설심당 빙수가 더 맛있다고 느껴졌네요.. 집근처라 자주 가야겟어요 직원들도 정말 친절하시고..,5,,2016.06.16.
126,386345472,제주설심당 도남점,1575704,제가 그림을 참좋아하는데...설심당에 비싼그림들이 전시되있어 깜짝 놀랬답니다....커피 한잔하며 그림을 바라보는데...미술관에 온듯한 느낌을 받았네요..^^ 너무 좋습니다.,5,,2016.06.16.
127,386345472,제주설심당 도남점,1575701,까페가 생긴다길래 갔다왔는데 갤러리식으로 까페가 이쁘게 되어있어서 사진도 너무 이쁘게 찍히고 커피콩빵? 저렴하고 맛있고 빙수도 만족하고 갑니다,5,,2016.06.16.
128,386345472,제주설심당 도남점,1575699,역시 설심당 빙수가 짱이예요 ~~ 입에서 살살녹는 인절미 빙수랑 요거트빙수 !! 집근처에 생겨서 너무 좋아요 !!♡,5,,2016.06.16.
129,14083953,올리브카페,801546,분위기에 반해 맛은 조금 아쉬웠던.,2,0,2019.06.14.
130,14083953,올리브카페,504460,아메리카노 맛없어요...,1,0,2019.04.17.
131,14083953,올리브카페,369087,오메기양갱 맛있어요. 엄청 달아요 커피랑 드세요. 브라우니는 그냥 퍼석한 빵이에요...,3,0,2019.01.19.
132,14083953,올리브카페,174022,"방주교회 옆에있다는게 장점.
굳이 카페때문에 올 곳은 아니다.
참고로 방주교회에서 운영하는 카페 아니라하시네요.
- 근데 방주교회 엽서, 신문을 비치해 놓...",3,0,2018.07.15.
133,14083953,올리브카페,399572,"올리브 카페_
제주 방주교회에써 운영하는 카페
여기 단팥죽, 한라봉숙성쥬스, 커피 모두 맛이있다
카페도 깨끗하게 운영되고, 카페안의 벽이 유리인데다가 주변 뷰가 너무나 좋다^^",0,,2014.04.14.
134,14083953,올리브카페,74636,,0,,2014.04.05.
135,25403976,BBQ 제주삼화점,961597,치킨도 맛있고 사장님도 정말 친절하세요!,5,0,2019.08.04.
136,25403976,BBQ 제주삼화점,307993,깔끔한 실내와 아늑한 분위기 친절한 사장님의 서비스까지 완벽 그자체,5,0,2018.11.25.
137,25403976,BBQ 제주삼화점,1427910,다른 지점 bbq좀 드셔보세요 ㅜㅜ 기름만 많고 기름도 나쁜건지 늦게 뺀건지 ㅠ 차이 많이 남,1,,2015.10.26.
138,22960776,카페 제주동네,1021439,"노래 선곡이 너무 좋아요.
동네 블랜드는 뜨거울 때 드시면 진하면서도 쓰고 단맛이 다 느껴져요.
제주 갈 때 마다 항상 방문하는 곳 입니다.
강아솔님 노래 틀어주셔서 감사해요 ㅎㅎㅎ",5,0,2019.08.23.
139,22960776,카페 제주동네,593696,"주차하기 너무 힘들고
맛도 굳이 찾아가서 먹을만큼 특별하진 않았던 기억

당근주스~~ 건강한 맛",3,0,2019.06.12.
140,22960776,카페 제주동네,777962,당근빙수 맛있었어요! 조용히 즐기다 가기 좋아요! ,4,0,2019.06.07.
141,22960776,카페 제주동네,519135,"지금 당근빙수 먹으면서 리뷰 남겨요

상상 이상의 맛..

딸아이랑 맛있게 잘 먹고 있습니다!!",5,0,2019.04.25.
142,22960776,카페 제주동네,404840,"당근주스, 당근빙수, 당근케이크가 아주 맛있었어요. 당근케이크가 부드러웠어요. 당근의 향이 진하게 나면서 달콤했어요. ",5,0,2019.02.16.
143,22960776,카페 제주동네,1251567,,3,,2019.04.22.
144,22960776,카페 제주동네,784091,성산읍에서 괜찮은 까페 하나 무심코 검색하다 들렀는데 상당히 괜찮은 드립커피를 마시게 됨. 당근주스는 철이 아니어서 못마셨음...,4,,2017.12.19.
145,22960776,카페 제주동네,845170,,5,,2017.05.24.
146,22960776,카페 제주동네,971063,이층 옥상구조말고는 그닥...,2,,2017.05.21.
147,22960776,카페 제주동네,1128817,국내 당근 생산량의 70-80%가 제주도 구좌읍이란 사실. 그래서 이 동네엔 당근으로 맛볼 수 있는건 다 있다. 특히 카페동네의 당근빙수는.. 맛도 최고지만 텍스쳐가 특히나 보드랍다. 창 밖으로 보이는 평화로운 동네 전경은 덤.,5,,2017.05.16.
148,22960776,카페 제주동네,1108105,무엇보다 편안합니다.,4,,2017.03.24.
149,22960776,카페 제주동네,236770,바로앞주차장잇음,0,,2014.07.12.
150,22960776,카페 제주동네,1960252,"당근빙수,드립커피등 음식은 괜찮았으나 가격이 서울 강남카페 수준이고 꼭 1인1음료를 시키도록 하여서 불쾌하였다. 4인가족이 식사비 만큼 나온다. 제주도에서 장사하는 사람들은 관광객이 봉인듯. 손님도 거의 sns보고 외지에서 온 관광객.",2,,2018.07.31.
151,22960776,카페 제주동네,1878665,불친절하고 가격대비 맛도별로 . . 다시가고싶지않네요,1,,2018.01.25.
152,22960776,카페 제주동네,1752977,"당근으로 유명한 카페동네. 당근빙수, 당근쥬스 처음 맛봤을 때에는 어색하게 느껴졌었지만. 먹다보니 건강한 달달함이 느껴지네요.",5,,2017.04.11.
153,947810595,A바우트커피 베라체점,1001851,1층뿐이고 커피가 맛없다는것만 빼면 만족,4,0,2019.08.17.
154,947810595,A바우트커피 베라체점,892840,주차장이 없어서 불편함 ㅠㅠ,3,0,2019.07.11.
155,947810595,A바우트커피 베라체점,775339,음료도 싸고 눈치안보고 편하게 있을수있음,4,0,2018.10.17.
156,947810595,A바우트커피 베라체점,242555,편하게갈수있는곳,4,0,2018.09.23.
157,947810595,A바우트커피 베라체점,146686,일하기시르시면 조퇴추천~; 인상팍쓰고 머리쥐어잡으면서 응대하면 누가 기분좋나요,1,2,2018.06.10.
158,947810595,A바우트커피 베라체점,2022331,"불친절한게 컨셉인지, 알바만 있고 매니저가 없어서 그런지...저렴한 가격에 편하게 이용하고 싶은데 음료주문 응대하시는 분들 하나같이 표정이 안좋아요. 탑동점은 안그런데 매니저 문제인가봐요",1,,2018.12.25.
159,1545999578,쉬리니케이크,873355,예쁘고 좋아요,5,0,2019.07.05.
160,99092488,커피템플,1281411,"카페 분위기, 음료 다좋은데 직원분 디저트질문에도 시큰둥하고 친절한듯? 불친절한 이 느낌 .. 음?",3,0,2019.11.27.
161,99092488,커피템플,1251590,"분위기도 좋고, 커피 맛도 리꼬 리꼬 무이 리꼬",5,0,2019.11.16.
162,99092488,커피템플,1244814,"분위기, 음료맛 모두 훌륭합니다.",5,0,2019.11.13.
163,99092488,커피템플,1118512,굿,5,0,2019.09.29.
164,99092488,커피템플,1104791,조용 한적 여유의 키워드가 안성맞춤,4,0,2019.09.24.
165,99092488,커피템플,932624,"한적한 분위기
고급진커피맛
",4,0,2019.07.24.
166,99092488,커피템플,826712,"드립커피 맛있고, 한적하니 좋습니다.
책읽거나 일하기도 딱 좋음. 
사장님도 친절하심",5,0,2019.06.22.
167,99092488,커피템플,540733,"커피 맛집
드립 추천~~~~~^^
카폐 내부도 정원도 모두 좋음
순한 댕댕이도 있음",5,0,2019.05.06.
168,99092488,커피템플,471149,아이스 텐저린라떼 진짜 맛있었어요 제주에서 먹은 커피중 제일 맛있었던듯 근데 좀 오래앉아서 책도 읽고 그러고 싶었는데 의자가 넘 불편했어요ㅠ 의자때문에 별하나 뺍니다,4,0,2019.03.29.
169,99092488,커피템플,399107,,5,0,2019.02.11.
170,99092488,커피템플,236475,,5,0,2018.09.17.
171,99092488,커피템플,738346,경호추천,5,0,2018.08.31.
172,99092488,커피템플,92199,커피맛,5,0,2018.03.25.
173,99092488,커피템플,177377,,5,,2018.09.23.
174,1752392764,리치망고함덕점,1286598,좀 비싸긴 하지만 정말 진하고 맛있어요. 또 먹고 싶네요.,4,0,2019.11.29.
175,1752392764,리치망고함덕점,1105772,넘 맛있게 먹었어요 굿굿,5,0,2019.09.24.
176,1752392764,리치망고함덕점,1062787,묽은 주스가 아니라 걸쭉하고 맛있어요! ,5,0,2019.09.07.
177,1752392764,리치망고함덕점,562364,다 맛있어요!!! 쵝오,5,0,2019.05.17.
178,1752392764,리치망고함덕점,499544,리얼망고보다는 우유 들어간게 더 달콤해서 맛있어요 :),4,0,2019.04.14.
179,1752392764,리치망고함덕점,2000813,함덕에 가면 리치망고 망고스무디를 안먹고 올 순 없죠.. 바람쐬러 갔다가 사먹어 봤는데..넘 기억에 남네요.. 저녁에 갔었는데..조명 같은것도 주시더라구요.. 추억남기기 좋아요...^^,5,,2018.11.07.
180,26102947,스타벅스 제주용담DT점,1281557,콘센트가 없어요. 공부하러 갔다가 음료 나오는 것만 25분 기다리고 나왔어요,1,0,2019.11.27.
181,26102947,스타벅스 제주용담DT점,1251976,차우선임. 가서 시키면 삼십분 지나도 안나옴.,1,0,2019.11.16.
182,26102947,스타벅스 제주용담DT점,1246949,앞에 바다가 보이는 뷰가 있어서 좋았어요! ,5,0,2019.11.14.
183,26102947,스타벅스 제주용담DT점,1162692,,4,0,2019.10.15.
184,26102947,스타벅스 제주용담DT점,1073325,"일단 경치가 좋음
그리고 알바 잘걸리면 맛있는 라떼도 먹을 수 있음",4,0,2019.09.11.
185,26102947,스타벅스 제주용담DT점,1015022,,3,0,2019.08.21.
186,26102947,스타벅스 제주용담DT점,935849,친절하고 맛있어요~,5,0,2019.07.25.
187,26102947,스타벅스 제주용담DT점,690069,내부 인테리어랑 청소만 좀 더 깔끔하면 좋겠네용~ 경치가 9할 입니당^^,4,1,2019.05.29.
188,26102947,스타벅스 제주용담DT점,530262,내부 수리 공사 끝나서 다시 영업하네요,4,0,2019.05.01.
189,26102947,스타벅스 제주용담DT점,521181,여기 패업했어요.,1,0,2019.04.26.
190,26102947,스타벅스 제주용담DT점,387134,혼자 책읽거나 간단한 컴퓨터 작업 하기 편한 자리 스팟이 있어서 좋아요~ 뷰도 좋고~ 단지 .. 화장실이 너무너무 별로 예요...,3,1,2019.02.02.
191,26102947,스타벅스 제주용담DT점,367337,유리창도 더럽고 테이블 정리도 거의 안 되어 있었어요 또 컵홀더로 가려져서 몰랐는데 테이크아웃 종이컵에도 커피 얼룩이 크게 묻어 있었구요 ㅜㅜ 저는 커피도 아닌 차를 시켰는데 ㅠㅠ 제가 갔던 스벅 중에 제일 지저분했어요,1,1,2019.01.17.
192,26102947,스타벅스 제주용담DT점,360706,뷰 좋은 제주 스타벅스 중 하나. 음료 하나 시키고 멍 때리기 좋고 집에서 가까워 콧바람 쐬고 싶을 때 종종 감.,3,0,2019.01.12.
193,26102947,스타벅스 제주용담DT점,278728,커피 사서 잠깐 걷기 좋은 곳 입니다. 주차장 좁으니 주차는 해안도로 주차장에 하시길...,4,0,2018.10.28.
194,26102947,스타벅스 제주용담DT점,249559,음료 맛보다도 공항가기 전 바다 뷰보러 가보시길,4,0,2018.09.29.
195,26102947,스타벅스 제주용담DT점,695411,,5,0,2018.09.29.
196,26102947,스타벅스 제주용담DT점,28058,바다보며 커피 마실 수 있어요:-),4,0,2017.11.18.
197,26102947,스타벅스 제주용담DT점,10845,너무친절해요,5,0,2017.10.01.
198,26102947,스타벅스 제주용담DT점,971219,,5,0,2017.06.05.
199,26102947,스타벅스 제주용담DT점,838284,"에스프레소는 꽝, 유리창을 안닦으니 전망에 방해가 되네요.",1,0,2017.03.12.
200,26102947,스타벅스 제주용담DT점,1172868,,4,,2018.08.09.
201,26102947,스타벅스 제주용담DT점,764908,,5,,2018.06.03.
202,26102947,스타벅스 제주용담DT점,883695,아메리카노 톨사이즈 테이크아웃  해서 두 모금 마시고 버렸다. 완전히 탄 맛. 요즘 스타벅스 어딜 가나 아메리카노 엉망이다,1,,2017.12.21.
203,26102947,스타벅스 제주용담DT점,1007985,,3,,2017.11.01.
204,26102947,스타벅스 제주용담DT점,1152827,,5,,2017.08.24.
205,26102947,스타벅스 제주용담DT점,776786,,3,,2017.08.09.
206,26102947,스타벅스 제주용담DT점,1129649,주차편하고 바다전망 굿굿!,3,,2017.07.05.
207,26102947,스타벅스 제주용담DT점,972814,,4,,2017.05.09.
208,26102947,스타벅스 제주용담DT점,989376,,3,,2016.12.10.
209,26102947,스타벅스 제주용담DT점,980977,,5,,2016.09.26.
210,26102947,스타벅스 제주용담DT점,873682,공항근처라 마지막날 바다보면서 시간보내기 좋은 곳이였어요 ,4,,2016.06.08.
211,26102947,스타벅스 제주용담DT점,110574,,5,,2016.05.30.
212,26102947,스타벅스 제주용담DT점,886843,,4,,2016.05.22.
213,26102947,스타벅스 제주용담DT점,748329,,4,,2016.05.13.
214,26102947,스타벅스 제주용담DT점,353054,,4,,2016.04.06.
215,26102947,스타벅스 제주용담DT점,545184,,2,,2016.04.05.
216,26102947,스타벅스 제주용담DT점,578665,"그때그때 아이스아메리카노맛이틀리다ㅠ
근데이건 진짜💕💕👍👍👍",2,,2016.03.28.
217,26102947,스타벅스 제주용담DT점,715996,,4,,2016.03.21.
218,26102947,스타벅스 제주용담DT점,676075,,3,,2016.03.17.
219,26102947,스타벅스 제주용담DT점,352564,"좋았어요
",4,,2016.03.17.
220,26102947,스타벅스 제주용담DT점,736459,"마음이 울쩍할때 탁 트인 바다가 보고싶을때!!
이왕이면 해안도로에 있는 별다방에서 힐링하세요!",5,,2016.03.09.
221,26102947,스타벅스 제주용담DT점,203765,뷰 화이트하우스,0,,2016.01.23.
222,26102947,스타벅스 제주용담DT점,715610,주말 오전이면 오게 되는 곳,0,,2015.01.31.
223,26102947,스타벅스 제주용담DT점,9082,용담해안도로에 위치.하염없이 앉아서 쉬고싶네,0,,2014.11.06.
224,1952554226,올드레코드,89561,,5,0,2018.03.20.
225,18143017,스타벅스 성산일출봉점,990627,"뷰좋고 다좋다
주차장이 협소해서...",4,0,2019.08.13.
226,18143017,스타벅스 성산일출봉점,862585,"1,2층
엘레베이터없음
19시쯤 닫음",3,0,2019.07.02.
227,18143017,스타벅스 성산일출봉점,505767,오전에 성산일출봉 방향 창가 자리는 햇볕이 강해서 견딜 수가 없다,5,0,2019.04.18.
228,18143017,스타벅스 성산일출봉점,672779,,4,0,2018.05.27.
229,18143017,스타벅스 성산일출봉점,134314,성산바로 앞에있고 2층에 앉아서 성산일출봉뷰. 외국인이 많아서 그런지 시끄러워요ㅋㅋㅋ,4,0,2018.05.25.
230,18143017,스타벅스 성산일출봉점,9553,가까이잇어 참좋아요 밤엔 밖에 의자 앉아서 야경들 볼루잇구요,5,0,2017.09.28.
231,18143017,스타벅스 성산일출봉점,694422,,3,0,2017.05.02.
232,18143017,스타벅스 성산일출봉점,999639,,5,,2017.02.28.
233,18143017,스타벅스 성산일출봉점,933004,,3,,2016.12.13.
234,18143017,스타벅스 성산일출봉점,967710,,4,,2016.10.03.
235,18143017,스타벅스 성산일출봉점,556240,"160909 스타벅스제주음료
100% 제주산 녹차와 한라봉으로 만든 제주 스타벅스 한정판 제주음료 두가지

제주한라봉그린티쉐이큰레모네이드
제주한라봉그린티라떼

내가 먹은건 레모네이드!! 상큼하긴한데 한라봉을 갈아서 그 큰알갱이들이 씹히는데 그 식감은 좋지 않지만 ... 비주얼은 최고 ㅋㅎ",3,,2016.09.10.
236,18143017,스타벅스 성산일출봉점,214683,,4,,2016.06.04.
237,18143017,스타벅스 성산일출봉점,256038,성산일출봉이 바로 보이는 스타벅스,4,,2016.04.03.
238,18143017,스타벅스 성산일출봉점,212418,여기도 스벅이!!,3,,2015.11.26.
239,18143017,스타벅스 성산일출봉점,95230,오늘은 제주 스템프 여행 ㅋㅋ 우선 성산일출봉부터~~~,0,,2014.12.20.
240,18143017,스타벅스 성산일출봉점,5054,커피가 귀한 제주...,0,,2014.09.24.
241,18143017,스타벅스 성산일출봉점,669689,성산포 스타벅스,0,,2014.05.28.
242,18143017,스타벅스 성산일출봉점,624195,종종 가는 곳. 그곳 2층에서 보는 경치는 굿!,0,,2013.12.14.
243,18143017,스타벅스 성산일출봉점,117663,대박!!!,0,,2013.09.08.
244,18143017,스타벅스 성산일출봉점,76768,...^^,0,,2013.08.30.
245,18143017,스타벅스 성산일출봉점,377292,성산포에도 스벅이생김ㅋㅋㅋ 전망이 개굳,0,,2013.08.25.
246,18143017,스타벅스 성산일출봉점,1974073,끝나는 시간이 7시로 바꼈네요??ㅋㅋ,5,,2018.08.30.
247,18143017,스타벅스 성산일출봉점,1669475,오후6시면 문 닫아요. 참고하세요!!,5,,2016.11.14.
248,18143017,스타벅스 성산일출봉점,1002593,스타벅스 직원이 이렇게 친절해도 되는겁니까?,5,,2014.01.30.
249,1368243224,바이티티카카,570977,,5,0,2019.05.21.
250,1368243224,바이티티카카,61088,"브런치 너무 맛있고, 분위기도 좋고, 음악도 좋고,
사장님도 친절하시고 너무 좋아요!
별 5개가 모잘라요   !!               ",5,0,2018.02.01.
251,1368243224,바이티티카카,1221006,에그인더헬이랑 프렌치토스트가 맛있는 집,5,,2018.03.14.
252,1368243224,바이티티카카,1988813,,5,,2018.10.10.
253,1368243224,바이티티카카,1830093,"음식, 인테리어, 서비스 모두 최고!",5,,2017.10.01.
254,27398675,빽다방 제주대정문점,101014,요거트스무디 너무 묽게타요... ,1,1,2018.04.10.
255,27398675,빽다방 제주대정문점,1039533,,5,,2017.07.28.
256,27398675,빽다방 제주대정문점,825575,그냥 빽다방,2,,2017.03.30.
257,621950027,에이바우트커피인제점,1136070,주말인데 카공족 바글바글 ㅡㅡ,1,0,2019.10.05.
258,621950027,에이바우트커피인제점,908773,완전 노트북러를 위한 천국 ㅎ 사장님 마인드 넘 감사해요 ㅎㅎ 그런데 운영상 아쉬운 점은 매장관리 시스템. 정전되는데 매장 손님한테 안내안하고 암전 됐는데 있게하거나  인터넷이 먹통 되는데 조치잘안해주고 매장 테이블이 안 닦여져 있을때가 많음. 저렴한 가격에 이용하니 감수할만 하지만 프랜차이즈로 장기 브랜드화 할려면 좀더 매장관리에 신경써야 할듯 알바생아닌 정직원으로 고용한다면 혹은 매장에 매니저라도 있다면 장수 브랜드 카페 될듯 ㅎ 이용하는 고객들도 장시간 이용시 추가주문이라던가 맨발에 앉은다리로 앉기 자제 등 타인을 위한 매너가 필요할듯! ,4,1,2019.07.16.
259,615988591,식빵가게,1019395,식빵 가성비가 별로. 크기는 작은데 3000원. 우리동네  일반 크기도 2900원 인데. 브이패스 패키지 이용하면서 아메리카노 두잔대신 라떼 한잔 달라고 하니 돈을 더 내라고.,2,0,2019.08.23.
260,298687443,드롭탑 제주협재해안점,1290716,없어졌어요ㅠㅠ..,1,0,2019.11.30.
261,298687443,드롭탑 제주협재해안점,883315,,3,,2017.01.02.
262,26417254,카페헤이브라운,1176033,"제가 커피 맛을 잘 몰라서 음료 평가는 못하겠고 
분위기는 공원을 바라보는 곳으로 
매장이 넓고 편안해서 책을 읽거나 일을 하기에도 좋았습니다 ",3,0,2019.10.20.
263,26417254,카페헤이브라운,1169867,블루베리빙수!!!,4,,2017.08.22.
264,26417254,카페헤이브라운,760682,"블루깔라만시에이드. 
평소에 카페를 잘 오지 않지만 그냥 집은 덥고 게을러져서 나옴. 조용히 책읽기 좋은 카페로 추천 받아서 왔는데 매장이 넓고 좋음. 어직은 조금 와딴 곳에 있다는 느낌이 있지만 주면에 계속 다세대주택이 들어오는 중. 제주에 내려왔을 때 근처에 땅을 사놨어야...",3,,2017.07.22.
265,26417254,카페헤이브라운,1903099,바닐라라떼 맛있어요,5,,2018.03.25.
266,14500376,이츠커피,307473,분위기좋고 커피도 괜찮음~무엇보다 학교랑 가까움,5,0,2018.11.25.
267,32361752,평대랑그네랑,1162749,"제주에 노키즈 많은데 여긴 밖에서 뛰어놀기도, 사진찍기도 좋아요~ 해수욕하다가 밥먹고 쉬어가기 좋았어요~
여름에 갔을땐 심지어 중국인들이 아동복 룩북 찍고 있더라고요;; 그정도로 풍경도 좋고 주차공간도 여유롭고 좋습니다. 아이는 그네의자땜에 엄청 좋아했구요~ 다만 감귤떡이 너무 봉지째로 나와서 좀 당황요 ㅎㅎ",5,0,2019.10.16.
268,32361752,평대랑그네랑,1153668,옆에 해먹카페있음,5,0,2019.10.12.
269,32361752,평대랑그네랑,695405,,5,0,2018.09.26.
270,32361752,평대랑그네랑,1204349,카페도 예쁘고 친절하지만 가격은 비싸요ㅜ,4,,2018.01.21.
271,32361752,평대랑그네랑,1190435,,5,,2017.11.13.
272,32361752,평대랑그네랑,168779,뷰가 끝났음,5,,2017.10.17.
273,32361752,평대랑그네랑,1108173,"당근케잌 맛나고 커피도 맛나고 굿!!!
그물침대 굿!! 굿!!",5,,2017.10.08.
274,32361752,평대랑그네랑,1186213,"뷰가 끝내주네. 그물침대에 누워서 바다보기
힐링플레이스 ",5,,2017.10.08.
275,32361752,평대랑그네랑,1184489,"여행내내 돌아다니느라고 지쳤는데,
해먹에 누워서 하늘이랑바다랑 좋은음악들으면서
제대로 힐링했던곳 먹었던 음료도 든든해서 배부르니
잠도 솔솔왔답. 누워서 늘길수있었던게 신의한수!!!",5,,2017.10.02.
276,32361752,평대랑그네랑,1093632,맛님 분위기도 좋음,4,,2017.09.22.
277,1545994382,쩐주단 제주연동점,1074793,불친절한데 음료는 맛있어요,2,0,2019.09.12.
278,1545994382,쩐주단 제주연동점,921318,"버블티와 함께 벌레를 주시네요 ^-^
길용당보단 양은 많고 
맛은 덜 진한데 좀 더 달고나 맛이라고 생각하면 돼요
달고나 맛 좋아하시면 가세요

다만 전 다신 안갈듯요
전 저렇게 산산조각 난 벌레를 처음 봤거든요 ..ㅎ",1,0,2019.07.20.
279,21525863,로트105,985471,,2,0,2019.08.12.
280,21525863,로트105,280410,"커피 생각했던 것보다 좋음
",5,0,2018.10.29.
281,21525863,로트105,608232,"집앞
조용 아늑
커피 굿",4,0,2018.09.09.
282,21525863,로트105,4368,"조용하고 맛있는 카페
카레 진짜 맛있고, 밀크티 빙수도 사랑합니다!!
전체적으로 다 맛있어서 단골 하고 싶어요",5,0,2017.09.11.
283,21525863,로트105,472206,차 향좋고 맛있네요,5,,2018.03.06.
284,21525863,로트105,909185,,3,,2017.04.27.
285,1001060560,천혜향수제아이스크림,54724,우도에서 사먹는 거보다 이 집이 맛있다,5,0,2018.01.18.
286,1001060560,천혜향수제아이스크림,973784,,1,,2018.05.11.
287,1001060560,천혜향수제아이스크림,926534,,4,,2017.08.09.
288,21542799,유월그리고열두마루 열두마루카페,723926,"정성이 가득하고 맛있는 조식이 먹고 싶다면 이곳으로...
다만 옛날 집을 개조해서 방음이 약하고, 정해진 규칙을 지켜야 하는 집이다. 
이러한 제약이 불편한 점도 있었지만, 밥이 최고.. 식당밥보다 맛있다. 차도 맛있다. 쿠키도 맛있는 집~",5,,2017.09.28.
289,356575987,수망일기,860805,"아기자기한 인테리어, 깔끔한 메뉴",5,0,2019.07.01.
290,356575987,수망일기,536700,,5,0,2019.05.04.
